Workbook
Name stock: 'Item List'!$B$2:$H$248
Name Category: 'Item List'!$A$2:$A$248

Sheet Form responses 4
A1: Timestamp | B1: SKU CODE | C1: ITEM NAME | D1: IMAGE
A2: 46112.621 | B2: C-COA-110 | C2: Radicure Textured Duct Matt | D2: https://drive.google.com/open?id=15OalsFpwAjmWweTsFYgxHVJwlHVUOrfW
A3: 46112.625 | B3: A-TAP-129 | C3: At 2/65 Self Adhesive Tape Brown | D3: https://drive.google.com/open?id=1eoarVdSIW-FWXvjJ5IlP87HNQeICGb7a
A4: 46112.626 | B4: A-TAP-126 | C4: At 1/65 Self Adhesive Tape Brown | D4: https://drive.google.com/open?id=1eCiRaaTGtTtap2W2KO_o_uMkF6xE5VKn
A5: 46112.626 | B5: A-TAP-130 | C5: Ft 4 Self Adhesive D/S Foam Tape 24 Mm | D5: https://drive.google.com/open?id=15lm7cnf-ZJVrn1bQo0j3P8XIX3gtbW1v
A6: 46112.627 | B6: CET-CET-131 | C6: Ceta | D6: https://drive.google.com/open?id=1z_asE2y1Wsu7Y8AhQgJDh-KtHwJrvxk7
A7: 46112.627 | B7: CH-GUM-135 | C7: Protection Gum | D7: https://drive.google.com/open?id=1l796wJNfFv_yKYCpNrSKFl7LHFAPYgXm
A8: 46112.628 | B8: CH-ADH-139 | C8: Roller Paste-Glazekeen Hydromac | D8: https://drive.google.com/open?id=1aH3j5AIBXWQspgvXJeChlmLCXHTPFZWf
A9: 46112.629 | B9: CH-VAR-141 | C9: Flash Dry Varnishing-Ultra Shield Duct Gloss | D9: https://drive.google.com/open?id=10ukvEUd_XB-JXOW9hDh_kkk1SQbhAan_
A10: 46112.629 | B10: CH-SOL-142 | C10: Plate Cleaner Normal | D10: https://drive.google.com/open?id=1DimIEAfsPMYzV23a30n75iVLHc4TkImo
A11: 46112.63 | B11: CH-SOL-143 | C11: Plate Cleaner UV | D11: https://drive.google.com/open?id=1aSPhXsfV7yWwkK7fUWyOt-4VQ1bIAbzS
A12: 46112.63 | B12: CH-SOL-144 | C12: Benzene | D12: https://drive.google.com/open?id=1cOX6jzMdMaAE0EadLM4K1zgyoi0JsG5k
A13: 46112.631 | B13: A-GLU-160 | C13: Jelly Glue | D13: https://drive.google.com/open?id=1Lx8j9w2fSDf5pzQD_wZec7hzhzoFCcc3
... A57: 46275.54 | B57: I-PAN-420 | C57: MULTANI RAJBHOGPRASH IMMUNITY SYRUP | D57: https://drive.google.com/open?id=1fg6SVnk5_QtwZcIDFyH4K_L0cbjodaJ-

Sheet Paper Batch Issues_conflict2120
A1: Issue ID | B1: Timestamp | C1: Batch ID | D1: SKU | E1: Item Name | F1: Qty Issued | G1: Job Ref | H1: Department | I1: Remark | J1: Entered By

Sheet Paper Batches
A1: Batch ID | B1: Date Received | C1: SKU | D1: Item Name | E1: Unit | F1: Qty Received | G1: Job Ref | H1: Remaining Qty | I1: Status | J1: Remark | K1: Entered By | L1: GRN ID
A2: OPEN-P-SBS-003 | B2: 46234.567 | C2: P-SBS-003 | D2: Sbs Paper 23X36 300Gsm White | E2: Sheet | F2: 400 | H2: 400 | I2: Active | J2: Opening balance — seeded from IMS closing stock | K2: system
A3: OPEN-P-SBS-005 | B3: 46234.567 | C3: P-SBS-005 | D3: Sbs Paper 23X39 325Gsm | E3: Sheet | F3: 1000 | H3: 400 | I3: Active | J3: Opening balance — seeded from IMS closing stock | K3: system
A4: OPEN-P-SBS-007 | B4: 46234.567 | C4: P-SBS-007 | D4: Sbs Paper 25X36 325Gsm Cream | E4: Sheet | F4: 800 | H4: 100 | I4: Active | J4: Opening balance — seeded from IMS closing stock | K4: system
A5: OPEN-P-SBS-009 | B5: 46234.567 | C5: P-SBS-009 | D5: Sbs Paper 31.5X41.5 350Gsm Cream | E5: Sheet | F5: 30 | H5: 30 | I5: Active | J5: Opening balance — seeded from IMS closing stock | K5: system
A6: OPEN-P-SBS-010 | B6: 46234.567 | C6: P-SBS-010 | D6: Sbs Paper 26X38 345Gsm Cream | E6: Sheet | F6: 400 | H6: 400 | I6: Active | J6: Opening balance — seeded from IMS closing stock | K6: system
A7: OPEN-P-SBS-012 | B7: 46234.567 | C7: P-SBS-012 | D7: Sbs Paper 22X32 300Gsm Cream | E7: Sheet | F7: 1000 | H7: 1000 | I7: Active | J7: Opening balance — seeded from IMS closing stock | K7: system
A8: OPEN-P-SBS-015 | B8: 46234.567 | C8: P-SBS-015 | D8: Sbs Paper 22X28 320Gsm | E8: Sheet | F8: 150 | H8: 0 | I8: Exhausted | J8: Opening balance — seeded from IMS closing stock | K8: system
A9: OPEN-P-SBS-016 | B9: 46234.567 | C9: P-SBS-016 | D9: Sbs Paper 25X30 320Gsm Cream | E9: Sheet | F9: 2000 | H9: 2000 | I9: Active | J9: Opening balance — seeded from IMS closing stock | K9: system
A10: OPEN-P-SBS-018 | B10: 46234.567 | C10: P-SBS-018 | D10: Sbs Paper 25X36 300Gsm | E10: Sheet | F10: 400 | H10: 400 | I10: Active | J10: Opening balance — seeded from IMS closing stock | K10: system
A11: OPEN-P-SBS-019 | B11: 46234.567 | C11: P-SBS-019 | D11: Sbs Paper 24X27 300Gsm White | E11: Sheet | F11: 600 | H11: 600 | I11: Active | J11: Opening balance — seeded from IMS closing stock | K11: system
A12: OPEN-P-SBS-020 | B12: 46234.567 | C12: P-SBS-020 | D12: Sbs Paper 31.5X41.5 380Gsm Cream | E12: Sheet | F12: 2600 | H12: 1000 | I12: Active | J12: Opening balance — seeded from IMS closing stock | K12: system
A13: OPEN-P-SBS-021 | B13: 46234.567 | C13: P-SBS-021 | D13: Sbs Paper 25X31 330Gsm White | E13: Sheet | F13: 600 | H13: 600 | I13: Active | J13: Opening balance — seeded from IMS closing stock | K13: system
... A253: OPEN-P-SBS-399 | B253: 46234.567 | C253: P-SBS-399 | D253: SBS 20X38 345Gsm | E253: Sheet | F253: 100 | H253: 0 | I253: Exhausted | J253: Opening balance — seeded from IMS closing stock | K253: system
A254: GRN-260803-153646-L1 | B254: 46237 | C254: P-SBS-385 | D254: Sbs Paper 22X28 290Gsm | E254: Sheet | F254: 600 | G254: DAP INNER | H254: 0 | I254: Exhausted | K254: unknown | L254: GRN-260803-153646
A255: GRN-260803-153646-L2 | B255: 46237 | C255: P-SBS-393 | D255: Sbs Paper 28X40 325Gsm | E255: Sheet | F255: 500 | G255: RED RICE | H255: 0 | I255: Exhausted | K255: unknown | L255: GRN-260803-153646
A256: GRN-260803-153646-L3 | B256: 46237 | C256: P-SBS-346 | D256: SBS Board 23X36 325Gsm | E256: Sheet | F256: 1900 | G256: 4 IN 1 PRIMER, VML | H256: 0 | I256: Exhausted | K256: unknown | L256: GRN-260803-153646
A257: GRN-260803-153646-L4 | B257: 46237 | C257: P-SBS-277 | D257: Sbs Paper 31.5X41.5 330 Gsm | E257: Sheet | F257: 500 | G257: RED RICE SYRUM | H257: 0 | I257: Exhausted | K257: unknown | L257: GRN-260803-153646
A258: GRN-260807-110449-L1 | B258: 46240 | C258: CH-SOL-116 | D258: Nova Nol Xtra | E258: Ltr | F258: 40 | H258: 0 | I258: Exhausted | K258: unknown | L258: GRN-260807-110449
A259: GRN-260807-110449-L2 | B259: 46240 | C259: C-COA-110 | D259: Radicure Textured Duct Matt | E259: Kg | F259: 1 | H259: 0 | I259: Exhausted | K259: unknown | L259: GRN-260807-110449
A260: CORR-260807-110756 | B260: 46241.464 | C260: CH-VAR-141 | D260: Ultra Shield 417 Duct Gloss OP Varnish | E260: Kg | F260: 20 | H260: 20 | I260: Active | J260: Stock Count Correction — physical count found 20 more than system | K260: unknown
A261: GRN-260807-130931-L1 | B261: 46241 | C261: C-COA-110 | D261: Radicure Textured Duct Matt | E261: Kg | F261: 2 | H261: 0 | I261: Exhausted | K261: unknown | L261: GRN-260807-130931
A262: GRN-260807-131011-L1 | B262: 46241 | C262: CH-SOL-144 | D262: Benzene | E262: Ltr | F262: 20 | H262: 0 | I262: Exhausted | K262: unknown | L262: GRN-260807-131011
A263: GRN-260814-133526-L1 | B263: 46247 | C263: P-SBS-004 | D263: Sbs Paper 23X39 350Gsm | E263: Sheet | F263: 3600 | G263: FERRO NAUTRAL | H263: 0 | I263: Exhausted | K263: unknown | L263: GRN-260814-133526
A264: GRN-260814-133526-L2 | B264: 46247 | C264: P-SBS-326 | D264: Sbs Paper 22X32 325Gsm | E264: Sheet | F264: 4100 | G264: LTP OUTER, SAUCER 5PACKET | H264: 0 | I264: Exhausted | K264: unknown | L264: GRN-260814-133526
A265: GRN-260814-133526-L3 | B265: 46247 | C265: P-SBS-296 | D265: Sbs Paper 25X30 330Gsm | E265: Sheet | F265: 1000 | G265: LONG STAY | H265: 0 | I265: Exhausted | K265: unknown | L265: GRN-260814-133526
A266: GRN-260814-133835-L1 | B266: 46247 | C266: P-SBS-400 | D266: Sbs Paper 28X40 290Gsm | E266: Sheet | F266: 600 | G266: JOB HR GOLD, PAPAYA | H266: 0 | I266: Exhausted | K266: unknown | L266: GRN-260814-133835
A267: GRN-260814-133835-L2 | B267: 46247 | C267: P-SBS-310 | D267: sbs 23X36 350Gsm | E267: Sheet | F267: 1000 | G267: KAPIVA | H267: 0 | I267: Exhausted | K267: unknown | L267: GRN-260814-133835
A268: GRN-260814-134220-L1 | B268: 46246 | C268: P-SBS-007 | D268: Sbs Paper 25X36 325Gsm Cream | E268: Sheet | F268: 2200 | G268: CCP | H268: 0 | I268: Exhausted | K268: unknown | L268: GRN-260814-134220
A269: GRN-260814-134220-L2 | B269: 46246 | C269: P-SBS-230 | D269: Sbs Paper 28X40 350Gsm | E269: Sheet | F269: 1000 | G269: ENERVIVE | H269: 0 | I269: Exhausted | K269: unknown | L269: GRN-260814-134220
A270: GRN-260814-135007-L1 | B270: 46245 | C270: P-DUP-192 | D270: Duplex 31.5X41.5 300Gsm White Back | E270: Sheet | F270: 648 | G270: 3PIN 6AMP | H270: 0 | I270: Exhausted | K270: unknown | L270: GRN-260814-135007
A271: GRN-260814-135007-L2 | B271: 46245 | C271: P-DUP-055 | D271: Duplex 23X36 300Gsm Gray Back | E271: Sheet | F271: 2592 | G271: SKY ENGINE VALVES OUTER | H271: 0 | I271: Exhausted | K271: unknown | L271: GRN-260814-135007
A272: GRN-260814-135007-L3 | B272: 46245 | C272: P-DUP-995 | D272: Duplex 31.5x41.5 250Gsm Gray Back | E272: Sheet | F272: 720 | G272: 7W MARVAL | H272: 720 | I272: Active | K272: unknown | L272: GRN-260814-135007
A273: GRN-260814-135007-L4 | B273: 46245 | C273: P-DUP-355 | D273: Duplex 22X32 300Gsm Gray Back | E273: Sheet | F273: 864 | G273: 13W MARVEL | H273: 0 | I273: Exhausted | K273: unknown | L273: GRN-260814-135007
A274: GRN-260814-135530-L1 | B274: 46248 | C274: P-SBS-037 | D274: Sbs Paper 21X36 325Gsm Cream | E274: Sheet | F274: 600 | G274: SILKVEIL | H274: 0 | I274: Exhausted | K274: unknown | L274: GRN-260814-135530
... A291: GRN-260820-182215-L1 | B291: 46254 | C291: P-SBS-407 | D291: SPECIAL PAPER 23X35.8 300GSM | E291: Sheet | F291: 1200 | G291: Multani - outlet PS card | H291: 0 | I291: Exhausted | K291: unknown | L291: GRN-260820-182215
A292: GRN-260820-182551-L1 | B292: 46254 | C292: I-CMY-226 | D292: Radicure Led 100000 PRO WHITE | E292: Kg | F292: 4 | H292: 2 | I292: Active | K292: unknown | L292: GRN-260820-182551
A293: CORR-260820-182625 | B293: 46254.768 | C293: C-COA-110 | D293: Radicure Textured Duct Matt | E293: Kg | F293: 7 | H293: 0 | I293: Exhausted | J293: Stock Count Correction — physical count found 7 more than system | K293: unknown
A294: CORR-260820-182657 | B294: 46254.769 | C294: I-CMY-225 | D294: Radicure Led 100000 PRO YELLOW | E294: Kg | F294: 4 | H294: 4 | I294: Active | J294: Stock Count Correction — physical count found 4 more than system | K294: unknown
A295: CORR-260820-182758 | B295: 46254.769 | C295: I-CMY-229 | D295: Radicure Led 100000 PRO BLACK | E295: Kg | F295: 5 | H295: 5 | I295: Active | J295: Stock Count Correction — physical count found 5 more than system | K295: unknown
A296: CORR-260820-182823 | B296: 46254.77 | C296: I-CMY-228 | D296: Radicure Led 100000 PRO CYAN | E296: Kg | F296: 5 | H296: 4 | I296: Active | J296: Stock Count Correction — physical count found 5 more than system | K296: unknown
A297: CORR-260820-183025 | B297: 46254.771 | C297: I-CMY-227 | D297: Radicure Led 100000 PRO MAGENTA | E297: Kg | F297: 2 | H297: 2 | I297: Active | J297: Stock Count Correction — physical count found 2 more than system | K297: unknown
A298: GRN-260820-190621-L1 | B298: 46254 | C298: P-SBS-408 | D298: SBS 23X36 290GSM CREAM | E298: Sheet | F298: 1400 | G298: job jati | H298: 0 | I298: Exhausted | K298: unknown | L298: GRN-260820-190621
A299: GRN-260820-190757-L1 | B299: 46254 | C299: P-SBS-408 | D299: SBS 23X36 290GSM CREAM | E299: Sheet | F299: 1400 | G299: job jati | H299: 0 | I299: Exhausted | K299: unknown | L299: GRN-260820-190757
A300: GRN-260824-161141-L1 | B300: 46258 | C300: CH-SOL-116 | D300: Nova Nol Xtra | E300: Ltr | F300: 40 | H300: 0 | I300: Exhausted | K300: unknown | L300: GRN-260824-161141
A301: GRN-260824-161141-L2 | B301: 46258 | C301: C-COA-110 | D301: Radicure Textured Duct Matt | E301: Kg | F301: 4 | H301: 0 | I301: Exhausted | K301: unknown | L301: GRN-260824-161141
A302: GRN-260824-161141-L3 | B302: 46258 | C302: CH-SOL-179 | D302: New V FD Wash(Hard Wash)-HPC-0237/25D21 | E302: Ltr | F302: 25 | H302: 25 | I302: Active | K302: unknown | L302: GRN-260824-161141
A303: GRN-260824-161141-L4 | B303: 46258 | C303: CH-SOL-199 | D303: TK 3400 Wb Board Primer | E303: Kg | F303: 25 | H303: 25 | I303: Active | K303: unknown | L303: GRN-260824-161141
A304: GRN-260824-161141-L5 | B304: 46258 | C304: CH-SOL-142 | D304: Plate Cleaner Normal | E304: Ltr | F304: 10 | H304: 0 | I304: Exhausted | K304: unknown | L304: GRN-260824-161141
A305: GRN-260824-161141-L6 | B305: 46258 | C305: CH-SOL-143 | D305: Plate Cleaner UV | E305: Ltr | F305: 6 | H305: 4 | I305: Active | K305: unknown | L305: GRN-260824-161141
A306: GRN-260824-161141-L7 | B306: 46258 | C306: CH-SOL-144 | D306: Benzene | E306: Ltr | F306: 20 | H306: 20 | I306: Active | K306: unknown | L306: GRN-260824-161141
A307: GRN-260825-154328-L1 | B307: 46258 | C307: M-DHO-165 | D307: Dhoti | E307: Pc | F307: 499.97 | H307: 79.97 | I307: Active | K307: unknown | L307: GRN-260825-154328
A308: GRN-260825-183711-L1 | B308: 46255 | C308: P-DUP-056 | D308: Duplex 22X32 300Gsm White Back | E308: Sheet | F308: 432 | G308: 12W | H308: 432 | I308: Active | K308: unknown | L308: GRN-260825-183711
A309: GRN-260825-183711-L2 | B309: 46255 | C309: P-DUP-054 | D309: Duplex 26X38 300Gsm Gray Back | E309: Sheet | F309: 1200 | G309: 3X3 HAV | H309: 0 | I309: Exhausted | K309: unknown | L309: GRN-260825-183711
A310: GRN-260825-193128-L1 | B310: 46258 | C310: P-SBS-013 | D310: Sbs Paper 22X28 330Gsm White | E310: Sheet | F310: 600 | G310: UREA FOOT CREAM | H310: 0 | I310: Exhausted | K310: unknown | L310: GRN-260825-193128
A311: GRN-260825-193128-L2 | B311: 46258 | C311: P-ART-409 | D311: 23X36 80GSM | E311: Sheet | F311: 500 | H311: 500 | I311: Active | K311: unknown | L311: GRN-260825-193128
A312: GRN-260826-153644-L1 | B312: 46251 | C312: I-CMY-410 | D312: DS/25620 UREA FOOT CREAM PANT.2237 C GREEN | E312: Kg | F312: 2.5 | H312: 2.5 | I312: Active | K312: unknown | L312: GRN-260826-153644
A313: GRN-260827-135001-L1 | B313: 46260 | C313: P-SBS-004 | D313: Sbs Paper 23X39 350Gsm | E313: Sheet | F313: 600 | G313: osteact and fertilina | H313: 0 | I313: Exhausted | K313: unknown | L313: GRN-260827-135001
A314: GRN-260827-135001-L2 | B314: 46260 | C314: P-SBS-330 | D314: Sbs Paper 25X30 325Gsm Cream | E314: Sheet | F314: 1000 | G314: 8w screw conceal | H314: 0 | I314: Exhausted | K314: unknown | L314: GRN-260827-135001
A315: GRN-260827-135001-L3 | B315: 46260 | C315: P-SBS-230 | D315: Sbs Paper 28X40 350Gsm | E315: Sheet | F315: 200 | G315: enervive and muli | H315: 0 | I315: Exhausted | K315: unknown | L315: GRN-260827-135001
A316: GRN-260827-135001-L4 | B316: 46260 | C316: P-SBS-393 | D316: Sbs Paper 28X40 325Gsm | E316: Sheet | F316: 100 | G316: korean | H316: 0 | I316: Exhausted | K316: unknown | L316: GRN-260827-135001
A317: GRN-260827-135001-L5 | B317: 46260 | C317: P-ART-411 | D317: Art Paper 23X36 170Gsm | E317: Sheet | F317: 500 | G317: NPCI | H317: 500 | I317: Active | K317: unknown | L317: GRN-260827-135001
A318: GRN-260827-135001-L6 | B318: 46260 | C318: P-ART-374 | D318: ART PAPER 23X36 128Gsm | E318: Sheet | F318: 1000 | G318: FRUIT CREAM AND ALMOND | H318: 0 | I318: Exhausted | K318: unknown | L318: GRN-260827-135001
A319: GRN-260827-135231-L1 | B319: 46260 | C319: P-SBS-310 | D319: sbs 23X36 350Gsm | E319: Sheet | F319: 800 | G319: MULTANI OUTLET OUTER | H319: 0 | I319: Exhausted | K319: unknown | L319: GRN-260827-135231
A320: GRN-260827-135231-L2 | B320: 46260 | C320: P-MAP-347 | D320: Mapletho 20X30 80Gsm | E320: Sheet | F320: 1000 | G320: INSERT MULI ENERVIVE | H320: 0 | I320: Exhausted | K320: unknown | L320: GRN-260827-135231
A321: GRN-260827-135410-L1 | B321: 46260 | C321: P-DUP-054 | D321: Duplex 26X38 300Gsm Gray Back | E321: Sheet | F321: 1728 | G321: JOB --EXTRA | H321: 0 | I321: Exhausted | K321: unknown | L321: GRN-260827-135410
A322: GRN-260827-135604-L1 | B322: 46259 | C322: P-DUP-054 | D322: Duplex 26X38 300Gsm Gray Back | E322: Sheet | F322: 2592 | G322: 3X3 PLAIN | H322: 0 | I322: Exhausted | K322: unknown | L322: GRN-260827-135604
A323: GRN-260827-135758-L1 | B323: 46259 | C323: P-SBS-408 | D323: SBS 23X36 290GSM CREAM | E323: Sheet | F323: 1500 | G323: EXTRA | H323: 1500 | I323: Active | K323: unknown | L323: GRN-260827-135758
A324: GRN-260827-140051-L1 | B324: 46261 | C324: P-DUP-054 | D324: Duplex 26X38 300Gsm Gray Back | E324: Sheet | F324: 1728 | G324: 3X3 STANDARD | H324: 0 | I324: Exhausted | K324: unknown | L324: GRN-260827-140051
A325: GRN-260831-155325-L1 | B325: 46265 | C325: P-OTH-412 | D325: safire graphik 25X36 350Gsm | E325: Sheet | F325: 200 | G325: REVLON | H325: 0 | I325: Exhausted | K325: unknown | L325: GRN-260831-155325
A326: GRN-260901-134301-L1 | B326: 46266 | C326: C-COA-110 | D326: Radicure Textured Duct Matt | E326: Kg | F326: 6 | H326: 1 | I326: Active | K326: unknown | L326: GRN-260901-134301
A327: GRN-260901-134301-L2 | B327: 46266 | C327: C-COA-233 | D327: New V LAC Gloss Blockable-40UC 74007/20P20 | E327: Kg | F327: 20 | H327: 20 | I327: Active | K327: unknown | L327: GRN-260901-134301
A328: GRN-260901-140314-L1 | B328: 46265 | C328: P-DUP-381 | D328: DUPLEX 25X30 300GSM G/B | E328: Sheet | F328: 1296 | G328: COLORESSENCE CARRY BAG | H328: 144 | I328: Active | K328: unknown | L328: GRN-260901-140314
A329: GRN-260901-140314-L2 | B329: 46265 | C329: P-DUP-414 | D329: DUPLEX 22X32 350Gsm G/B | E329: Sheet | F329: 720 | G329: JOB 10W &12W | H329: 0 | I329: Exhausted | K329: unknown | L329: GRN-260901-140314
A330: GRN-260901-140314-L3 | B330: 46265 | C330: P-DUP-415 | D330: DUPLEX 22X28 350Gsm G/B | E330: Sheet | F330: 1440 | G330: JOB 15W &18W | H330: 0 | I330: Exhausted | K330: unknown | L330: GRN-260901-140314
A331: GRN-260901-143739-L1 | B331: 46266 | C331: P-SBS-230 | D331: Sbs Paper 28X40 350Gsm | E331: Sheet | F331: 300 | G331: multani soap 125gx3 | H331: 0 | I331: Exhausted | K331: unknown | L331: GRN-260901-143739
A332: GRN-260901-154957-L1 | B332: 46265 | C332: P-SBS-416 | D332: SBS 25X33 325Gsm | E332: Sheet | F332: 800 | G332: Multani Soap 125g x1 | H332: 100 | I332: Active | K332: unknown | L332: GRN-260901-154957
A333: CORR-260902-143613 | B333: 46267.608 | C333: A-TAP-125 | D333: Arobond Adhesive | E333: Kg | F333: 5 | H333: 5 | I333: Active | J333: Stock Count Correction — physical count found 5 more than system | K333: unknown
A334: CORR-260902-143739 | B334: 46267.609 | C334: CH-SOL-268 | D334: Screen Clearning Aid Amyle | E334: Pc | F334: 5 | H334: 5 | I334: Active | J334: Stock Count Correction — physical count found 5 more than system | K334: unknown
A335: CORR-260902-143810 | B335: 46267.61 | C335: POW-POW-269 | D335: Bichromide | E335: Pc | F335: 1 | H335: 1 | I335: Active | J335: Stock Count Correction — physical count found 1 more than system | K335: unknown
A336: CORR-260902-143927 | B336: 46267.611 | C336: CH-VAR-134 | D336: TK/7000 AQUA High Gloss Varnish | E336: Kg | F336: 25 | H336: 25 | I336: Active | J336: Stock Count Correction — physical count found 25 more than system | K336: unknown
A337: GRN-260902-163557-L1 | B337: 46255 | C337: P-SBS-027 | D337: Sbs Paper 28X31 330Gsm Cream | E337: Sheet | F337: 3945 | H337: 2400 | I337: Active | K337: unknown | L337: GRN-260902-163557
A338: GRN-260902-163557-L2 | B338: 46255 | C338: P-SBS-011 | D338: Sbs Paper 22X32 330Gsm Cream | E338: Sheet | F338: 1600 | G338: LTP OUTER | H338: 0 | I338: Exhausted | K338: unknown | L338: GRN-260902-163557
A339: GRN-260902-163557-L3 | B339: 46255 | C339: P-SBS-318 | D339: SBS 22X28 330Gsm Cream | E339: Sheet | F339: 2560 | H339: 1000 | I339: Active | K339: unknown | L339: GRN-260902-163557
A340: GRN-260902-182546-L1 | B340: 46267 | C340: P-SBS-417 | D340: 20X32 | E340: Sheet | F340: 5300 | G340: LTP INNER | H340: 0 | I340: Exhausted | K340: unknown | L340: GRN-260902-182546
A341: GRN-260902-182853-L1 | B341: 46267 | C341: P-OTH-418 | D341: Special Paper 23X36 68Gsm | E341: Sheet | F341: 60000 | G341: M.R NOTEPAD | H341: 60000 | I341: Active | K341: unknown | L341: GRN-260902-182853
A342: GRN-260905-154042-L1 | B342: 46269 | C342: P-SBS-287 | D342: Sbs Paper 22X28 295Gsm | E342: Sheet | F342: 1200 | G342: TMB VALVE INNER | H342: 0 | I342: Exhausted | K342: unknown | L342: GRN-260905-154042
A343: GRN-260905-154042-L2 | B343: 46269 | C343: P-SBS-007 | D343: Sbs Paper 25X36 325Gsm Cream | E343: Sheet | F343: 3100 | G343: piramal, CCP, FND | H343: 0 | I343: Exhausted | K343: unknown | L343: GRN-260905-154042
A344: GRN-260905-154042-L3 | B344: 46269 | C344: P-SBS-393 | D344: Sbs Paper 28X40 325Gsm | E344: Sheet | F344: 800 | G344: STROBE 30GM | H344: 800 | I344: Active | K344: unknown | L344: GRN-260905-154042
A345: GRN-260905-154042-L4 | B345: 46269 | C345: P-SBS-346 | D345: SBS Board 23X36 325Gsm | E345: Sheet | F345: 1100 | G345: VML | H345: 0 | I345: Exhausted | K345: unknown | L345: GRN-260905-154042
A346: GRN-260905-172741-L1 | B346: 46270 | C346: I-PAN-257 | D346: NICOBAR CARRY BAG GREY DS/25092 | E346: Kg | F346: 15 | H346: 15 | I346: Active | K346: unknown | L346: GRN-260905-172741
A347: GRN-260905-172741-L2 | B347: 46270 | C347: CH-SOL-212 | D347: New V Screen Trans ink | E347: Ltr | F347: 5 | H347: 5 | I347: Active | K347: unknown | L347: GRN-260905-172741
A348: GRN-260905-172741-L3 | B348: 46270 | C348: C-COA-110 | D348: Radicure Textured Duct Matt | E348: Kg | F348: 6 | H348: 6 | I348: Active | K348: unknown | L348: GRN-260905-172741
A349: GRN-260905-173106-L1 | B349: 46270 | C349: M-DHO-165 | D349: Dhoti | E349: Pc | F349: 500 | H349: 500 | I349: Active | K349: unknown | L349: GRN-260905-173106
A350: GRN-260905-173106-L2 | B350: 46270 | C350: M-OTH-247 | D350: Badi Dhoti | E350: Pc | F350: 50 | H350: 50 | I350: Active | K350: unknown | L350: GRN-260905-173106
A351: GRN-260907-104401-L1 | B351: 46270 | C351: I-CMY-063 | D351: Universal Plus Magenta | E351: Kg | F351: 12 | H351: 10 | I351: Active | K351: unknown | L351: GRN-260907-104401
A352: GRN-260907-121302-L1 | B352: 46270 | C352: P-DUP-218 | D352: Duplex 23X36 300Gsm White Back | E352: Sheet | F352: 2304 | G352: kervo | H352: 0 | I352: Exhausted | K352: unknown | L352: GRN-260907-121302
A353: GRN-260907-121302-L2 | B353: 46270 | C353: P-DUP-055 | D353: Duplex 23X36 300Gsm Gray Back | E353: Sheet | F353: 1440 | G353: tmb outer | H353: 0 | I353: Exhausted | K353: unknown | L353: GRN-260907-121302
A354: GRN-260907-121601-L1 | B354: 46270 | C354: P-MAP-347 | D354: Mapletho 20X30 80Gsm | E354: Sheet | F354: 9000 | G354: INSERT KOOK HERBAL | H354: 9000 | I354: Active | K354: unknown | L354: GRN-260907-121601
A355: GRN-260907-121749-L1 | B355: 46270 | C355: P-SBS-349 | D355: Sbs Paper 28X40 345Gsm | E355: Sheet | F355: 600 | G355: FERTILINA SYRUP 200G | H355: 600 | I355: Active | K355: unknown | L355: GRN-260907-121749
...

Sheet Paper Batch Issues
A1: Issue ID | B1: Timestamp | C1: Batch ID | D1: SKU | E1: Item Name | F1: Qty Issued | G1: Job Ref | H1: Department | I1: Remark | J1: Entered By
A2: I-260806-112725-0 | B2: 46240.477 | C2: OPEN-CH-SOL-116 | D2: CH-SOL-116 | E2: Nova Nol Xtra | F2: 20 | H2: Offset Printing | J2: unknown
A3: I-260807-131121-0 | B3: 46241.55 | C3: GRN-260807-110449-L2 | D3: C-COA-110 | E3: Radicure Textured Duct Matt | F3: 1 | H3: Post-Press / Finishing | I3: NEW MATERIAL TESTING | J3: unknown
A4: I-260807-131121-1 | B4: 46241.55 | C4: GRN-260807-130931-L1 | D4: C-COA-110 | E4: Radicure Textured Duct Matt | F4: 1 | H4: Post-Press / Finishing | I4: NEW MATERIAL TESTING | J4: unknown
A5: I-260807-132102-0 | B5: 46241.556 | C5: OPEN-I-PAN-273 | D5: I-PAN-273 | E5: Inkstylo pan 271C | F5: 2 | H5: Offset Printing | I5: JOB CLOUD KISS | J5: unknown
A6: I-260807-145250-0 | B6: 46241.62 | C6: OPEN-P-SBS-399 | D6: P-SBS-399 | E6: SBS 20X38 345Gsm | F6: 100 | H6: Pre-Press | J6: unknown
A7: I-260820-170231-0 | B7: 46254.71 | C7: GRN-260820-145704-L1 | D7: P-SBS-330 | E7: Sbs Paper 25X30 325Gsm Cream | F7: 1000 | G7: LONG STAY | H7: Post-Press / Finishing | I7: CLEAR- | J7: unknown
A8: I-260820-170315-0 | B8: 46254.711 | C8: GRN-260803-153646-L1 | D8: P-SBS-385 | E8: Sbs Paper 22X28 290Gsm | F8: 600 | G8: DAP INNER | H8: Offset Printing | J8: unknown
A9: I-260820-170409-0 | B9: 46254.711 | C9: GRN-260803-153646-L3 | D9: P-SBS-346 | E9: SBS Board 23X36 325Gsm | F9: 1900 | G9: 4 IN 1 PRIMER, VML | H9: Offset Printing | J9: unknown
A10: I-260820-171506-0 | B10: 46254.719 | C10: GRN-260803-153646-L2 | D10: P-SBS-393 | E10: Sbs Paper 28X40 325Gsm | F10: 500 | G10: RED RICE | H10: Offset Printing | I10: 500 | J10: unknown
A11: I-260820-171510-0 | B11: 46254.719 | C11: GRN-260803-153646-L4 | D11: P-SBS-277 | E11: Sbs Paper 31.5X41.5 330 Gsm | F11: 500 | G11: RED RICE SYRUM | H11: Offset Printing | J11: unknown
A12: I-260820-171514-0 | B12: 46254.719 | C12: GRN-260814-140908-L1 | D12: P-SBS-037 | E12: Sbs Paper 21X36 325Gsm Cream | F12: 1400 | G12: TONER AND CLOUD KISS | H12: Offset Printing | I12: 4 PKT TONER, 10 PKT CLOUD KISS | J12: unknown
A13: I-260820-171519-0 | B13: 46254.719 | C13: GRN-260814-140908-L2 | D13: P-SBS-007 | E13: Sbs Paper 25X36 325Gsm Cream | F13: 400 | G13: HYDRASHINE | H13: Offset Printing | J13: unknown
A14: I-260820-171524-0 | B14: 46254.719 | C14: GRN-260814-140908-L3 | D14: P-SBS-326 | E14: Sbs Paper 22X32 325Gsm | F14: 1400 | G14: PRIMER GEL | H14: Offset Printing | I14: 1400 | J14: unknown
A15: I-260820-171528-0 | B15: 46254.719 | C15: GRN-260814-140908-L4 | D15: P-SBS-393 | E15: Sbs Paper 28X40 325Gsm | F15: 1200 | G15: GLOW EDIT AND PORE REFINER GOLD | H15: Offset Printing | I15: 4PKT 8PKT | J15: unknown
A16: I-260820-171532-0 | B16: 46254.719 | C16: GRN-260814-140243-L1 | D16: P-SBS-191 | E16: SBS 23X36 345Gsm | F16: 1100 | G16: WHITE-GRIP AND STYLE | H16: Offset Printing | I16: 1100 | J16: unknown
A17: I-260820-171536-0 | B17: 46254.719 | C17: GRN-260814-140243-L2 | D17: P-SBS-230 | E17: Sbs Paper 28X40 350Gsm | F17: 1200 | G17: OJB BB CREAM | H17: Offset Printing | I17: 12PKT AND 4 PKT OLD PAPER | J17: unknown
A18: I-260820-171540-0 | B18: 46254.719 | C18: GRN-260814-140243-L3 | D18: P-SBS-007 | E18: Sbs Paper 25X36 325Gsm Cream | F18: 1000 | G18: FOTTY NOTTY | H18: Offset Printing | J18: unknown
A19: I-260820-171544-0 | B19: 46254.719 | C19: GRN-260814-140243-L5 | D19: P-SBS-352 | E19: SBS 22x32 290Gsm | F19: 3000 | G19: HAIR TOUCH UP | H19: Offset Printing | I19: 3000 | J19: unknown
A20: I-260820-171548-0 | B20: 46254.719 | C20: GRN-260814-135007-L1 | D20: P-DUP-192 | E20: Duplex 31.5X41.5 300Gsm White Back | F20: 648 | G20: 3PIN 6AMP | H20: Offset Printing | J20: unknown
A21: I-260820-171552-0 | B21: 46254.719 | C21: GRN-260814-135007-L2 | D21: P-DUP-055 | E21: Duplex 23X36 300Gsm Gray Back | F21: 2592 | G21: SKY ENGINE VALVES OUTER | H21: Offset Printing | J21: unknown
A22: I-260820-171556-0 | B22: 46254.719 | C22: GRN-260814-135007-L4 | D22: P-DUP-355 | E22: Duplex 22X32 300Gsm Gray Back | F22: 864 | G22: 13W MARVEL | H22: Offset Printing | J22: unknown
A23: I-260820-171601-0 | B23: 46254.719 | C23: GRN-260814-134220-L1 | D23: P-SBS-007 | E23: Sbs Paper 25X36 325Gsm Cream | F23: 2200 | G23: CCP | H23: Offset Printing | J23: unknown
A24: I-260820-171606-0 | B24: 46254.72 | C24: GRN-260814-133526-L1 | D24: P-SBS-004 | E24: Sbs Paper 23X39 350Gsm | F24: 3600 | G24: FERRO NAUTRAL | H24: Offset Printing | J24: unknown
A25: I-260820-171610-0 | B25: 46254.72 | C25: GRN-260814-133526-L2 | D25: P-SBS-326 | E25: Sbs Paper 22X32 325Gsm | F25: 4100 | G25: LTP OUTER, SAUCER 5PACKET | H25: Offset Printing | J25: unknown
A26: I-260820-171614-0 | B26: 46254.72 | C26: GRN-260814-133526-L3 | D26: P-SBS-296 | E26: Sbs Paper 25X30 330Gsm | F26: 1000 | G26: LONG STAY | H26: Offset Printing | J26: unknown
A27: I-260820-171618-0 | B27: 46254.72 | C27: GRN-260814-133835-L1 | D27: P-SBS-400 | E27: Sbs Paper 28X40 290Gsm | F27: 600 | G27: JOB HR GOLD, PAPAYA | H27: Offset Printing | J27: unknown
A28: I-260820-171623-0 | B28: 46254.72 | C28: GRN-260814-135530-L1 | D28: P-SBS-037 | E28: Sbs Paper 21X36 325Gsm Cream | F28: 600 | G28: SILKVEIL | H28: Offset Printing | J28: unknown
A29: I-260820-171627-0 | B29: 46254.72 | C29: GRN-260814-135530-L2 | D29: P-SBS-393 | E29: Sbs Paper 28X40 325Gsm | F29: 700 | G29: SPF | H29: Offset Printing | J29: unknown
A30: I-260820-171635-0 | B30: 46254.72 | C30: GRN-260814-135530-L3 | D30: P-SBS-326 | E30: Sbs Paper 22X32 325Gsm | F30: 800 | G30: HD FOUNDATION | H30: Offset Printing | J30: unknown
A31: I-260820-171639-0 | B31: 46254.72 | C31: GRN-260814-135530-L5 | D31: P-SBS-296 | E31: Sbs Paper 25X30 330Gsm | F31: 1000 | G31: 8W SCREW | H31: Offset Printing | J31: unknown
A32: I-260820-171956-0 | B32: 46254.722 | C32: GRN-260814-135530-L4 | D32: P-SBS-346 | E32: SBS Board 23X36 325Gsm | F32: 600 | G32: SAUCER, SPACE SHIP AND STAR | H32: Offset Printing | J32: unknown
A33: I-260821-131047-0 | B33: 46255.549 | C33: OPEN-I-CMY-228 | D33: I-CMY-228 | E33: Radicure Led 100000 PRO CYAN | F33: 1 | H33: Offset Printing | J33: unknown
A34: I-260821-131108-0 | B34: 46255.549 | C34: OPEN-I-CMY-225 | D34: I-CMY-225 | E34: Radicure Led 100000 PRO YELLOW | F34: 1 | H34: Offset Printing | J34: unknown
A35: I-260821-131145-0 | B35: 46255.55 | C35: GRN-260807-130931-L1 | D35: C-COA-110 | E35: Radicure Textured Duct Matt | F35: 1 | H35: Post-Press / Finishing | J35: unknown
A36: I-260821-131145-1 | B36: 46255.55 | C36: CORR-260820-182625 | D36: C-COA-110 | E36: Radicure Textured Duct Matt | F36: 1 | H36: Post-Press / Finishing | J36: unknown
A37: I-260822-101638-0 | B37: 46256.428 | C37: CORR-260820-182625 | D37: C-COA-110 | E37: Radicure Textured Duct Matt | F37: 2 | H37: Post-Press / Finishing | I37: hybrid uv- | J37: unknown
A38: I-260825-154240-0 | B38: 46259.655 | C38: OPEN-M-DHO-165 | D38: M-DHO-165 | E38: Dhoti | F38: 15 | H38: Offset Printing | J38: unknown
A39: I-260825-183145-0 | B39: 46259.772 | C39: GRN-260814-133835-L2 | D39: P-SBS-310 | E39: sbs 23X36 350Gsm | F39: 1000 | G39: KAPIVA | H39: Offset Printing | J39: unknown
A40: I-260825-183150-0 | B40: 46259.772 | C40: GRN-260820-150132-L1 | D40: P-SBS-406 | E40: SBS 20X38 325GSM CREAM | F40: 1400 | G40: EFFLAIR | H40: Offset Printing | I40: 11pkt and 3 pkt | J40: unknown
A41: I-260825-183156-0 | B41: 46259.772 | C41: GRN-260820-190621-L1 | D41: P-SBS-408 | E41: SBS 23X36 290GSM CREAM | F41: 1400 | G41: job jati | H41: Offset Printing | J41: unknown
A42: I-260825-183201-0 | B42: 46259.772 | C42: GRN-260820-190757-L1 | D42: P-SBS-408 | E42: SBS 23X36 290GSM CREAM | F42: 1400 | G42: job jati | H42: Offset Printing | J42: unknown
A43: I-260826-161624-0 | B43: 46260.678 | C43: GRN-260814-140243-L4 | D43: P-SBS-189 | E43: SBS Paper 22X28 345Gsm | F43: 1100 | G43: BUD CAJ | H43: Offset Printing | J43: unknown
A44: I-260826-161633-0 | B44: 46260.678 | C44: GRN-260825-193128-L1 | D44: P-SBS-013 | E44: Sbs Paper 22X28 330Gsm White | F44: 600 | G44: UREA FOOT CREAM | H44: Offset Printing | J44: unknown
A45: I-260826-183609-0 | B45: 46260.775 | C45: GRN-260820-182215-L1 | D45: P-SBS-407 | E45: SPECIAL PAPER 23X35.8 300GSM | F45: 1200 | G45: Multani - outlet PS card | H45: Offset Printing | J45: unknown
A46: I-260826-183617-0 | B46: 46260.775 | C46: GRN-260825-183711-L2 | D46: P-DUP-054 | E46: Duplex 26X38 300Gsm Gray Back | F46: 1200 | G46: 3X3 HAV | H46: Offset Printing | I46: 12pkt + 8pkt | J46: unknown
A47: I-260827-140730-0 | B47: 46261.589 | C47: GRN-260827-140051-L1 | D47: P-DUP-054 | E47: Duplex 26X38 300Gsm Gray Back | F47: 1728 | G47: 3X3 STANDARD | H47: Offset Printing | I47: 1440 IN STANDAND AND 2 GROSS IN PLAIN | J47: unknown
A48: I-260827-140738-0 | B48: 46261.589 | C48: GRN-260827-135604-L1 | D48: P-DUP-054 | E48: Duplex 26X38 300Gsm Gray Back | F48: 2592 | G48: 3X3 PLAIN | H48: Offset Printing | I48: +2 GROSS IN FROM STANDARD | J48: unknown
A49: I-260827-140748-0 | B49: 46261.589 | C49: GRN-260814-134220-L2 | D49: P-SBS-230 | E49: Sbs Paper 28X40 350Gsm | F49: 850 | G49: ENERVIVE | H49: Offset Printing | I49: 2PKT MORE | J49: unknown
A50: I-260827-140756-0 | B50: 46261.589 | C50: GRN-260827-135001-L1 | D50: P-SBS-004 | E50: Sbs Paper 23X39 350Gsm | F50: 600 | G50: osteact and fertilina | H50: Offset Printing | I50: +2PKT MORE | J50: unknown
A51: I-260827-140805-0 | B51: 46261.589 | C51: GRN-260827-135001-L3 | D51: P-SBS-230 | E51: Sbs Paper 28X40 350Gsm | F51: 200 | G51: enervive and muli | H51: Offset Printing | I51: 6PKT +2 PKT | J51: unknown
A52: I-260827-140813-0 | B52: 46261.589 | C52: GRN-260827-135001-L6 | D52: P-ART-374 | E52: ART PAPER 23X36 128Gsm | F52: 1000 | G52: FRUIT CREAM AND ALMOND | H52: Offset Printing | I52: PLUS 100 EXTRA | J52: unknown
A53: I-260827-140821-0 | B53: 46261.589 | C53: GRN-260827-135231-L2 | D53: P-MAP-347 | E53: Mapletho 20X30 80Gsm | F53: 1000 | G53: INSERT MULI ENERVIVE | H53: Offset Printing | I53: PLUS 700 SHEET | J53: unknown
A54: I-260831-160441-0 | B54: 46265.67 | C54: CORR-260820-182625 | D54: C-COA-110 | E54: Radicure Textured Duct Matt | F54: 3 | H54: Post-Press / Finishing | J54: unknown
A55: I-260901-154051-0 | B55: 46266.653 | C55: GRN-260814-135530-L4 | D55: P-SBS-346 | E55: SBS Board 23X36 325Gsm | F55: 500 | G55: SAUCER, SPACE SHIP AND STAR | H55: Offset Printing | J55: unknown
A56: I-260901-154100-0 | B56: 46266.653 | C56: GRN-260820-145704-L2 | D56: P-SBS-393 | E56: Sbs Paper 28X40 325Gsm | F56: 200 | G56: used in coloressence kit | H56: Offset Printing | I56: ⚠ Pulled from Job "KOREAN GLASS" (job "used in coloressence kit" had none of its own left) | J56: unknown
A57: I-260901-154106-0 | B57: 46266.654 | C57: GRN-260827-135001-L2 | D57: P-SBS-330 | E57: Sbs Paper 25X30 325Gsm Cream | F57: 1000 | G57: 8w screw conceal | H57: Offset Printing | J57: unknown
A58: I-260901-154113-0 | B58: 46266.654 | C58: GRN-260827-135001-L4 | D58: P-SBS-393 | E58: Sbs Paper 28X40 325Gsm | F58: 100 | G58: used in coloressence kit | H58: Offset Printing | I58: ⚠ Pulled from Job "korean" (job "used in coloressence kit" had none of its own left) | J58: unknown
A59: I-260901-154123-0 | B59: 46266.654 | C59: GRN-260827-135231-L1 | D59: P-SBS-310 | E59: sbs 23X36 350Gsm | F59: 800 | G59: MULTANI OUTLET OUTER | H59: Offset Printing | J59: unknown
A60: I-260901-154131-0 | B60: 46266.654 | C60: GRN-260831-155325-L1 | D60: P-OTH-412 | E60: safire graphik 25X36 350Gsm | F60: 200 | G60: REVLON | H60: Offset Printing | J60: unknown
A61: I-260901-154138-0 | B61: 46266.654 | C61: GRN-260901-140314-L2 | D61: P-DUP-414 | E61: DUPLEX 22X32 350Gsm G/B | F61: 720 | G61: JOB 10W &12W | H61: Offset Printing | J61: unknown
A62: I-260901-154145-0 | B62: 46266.654 | C62: GRN-260901-140314-L3 | D62: P-DUP-415 | E62: DUPLEX 22X28 350Gsm G/B | F62: 1440 | G62: JOB 15W &18W | H62: Offset Printing | J62: unknown
A63: I-260901-155110-0 | B63: 46266.661 | C63: GRN-260901-154957-L1 | D63: P-SBS-416 | E63: SBS 25X33 325Gsm | F63: 700 | G63: Multani Soap 125g x1 | H63: Offset Printing | J63: unknown
A64: I-260902-125852-0 | B64: 46267.541 | C64: OPEN-I-CMY-064 | D64: I-CMY-064 | E64: Universal Plus Yellow | F64: 2 | H64: Offset Printing | J64: unknown
A65: I-260902-125909-0 | B65: 46267.541 | C65: OPEN-I-CMY-063 | D65: I-CMY-063 | E65: Universal Plus Magenta | F65: 2 | H65: Offset Printing | J65: unknown
A66: I-260902-132741-0 | B66: 46267.561 | C66: OPEN-CH-SOL-240 | D66: CH-SOL-240 | E66: NOVA Fount Nectar | F66: 20 | H66: Offset Printing | J66: unknown
A67: I-260902-132813-0 | B67: 46267.561 | C67: GRN-260901-134301-L1 | D67: C-COA-110 | E67: Radicure Textured Duct Matt | F67: 2 | H67: Post-Press / Finishing | J67: unknown
A68: I-260902-133031-0 | B68: 46267.563 | C68: GRN-260901-143739-L1 | D68: P-SBS-230 | E68: Sbs Paper 28X40 350Gsm | F68: 300 | G68: multani soap 125gx3 | H68: Offset Printing | J68: unknown
A69: I-260902-133037-0 | B69: 46267.563 | C69: GRN-260901-140314-L1 | D69: P-DUP-381 | E69: DUPLEX 25X30 300GSM G/B | F69: 1152 | G69: COLORESSENCE CARRY BAG | H69: Offset Printing | J69: unknown
A70: I-260902-163858-0 | B70: 46267.694 | C70: GRN-260902-163557-L1 | D70: P-SBS-027 | E70: Sbs Paper 28X31 330Gsm Cream | F70: 1545 | G70: 8W SUNHERI UDAAN 2.0 | H70: Offset Printing | I70: ⚠ Pulled from general stock (job "8W SUNHERI UDAAN 2.0" had none of its own left) | J70: unknown
A71: I-260903-100521-0 | B71: 46268.42 | C71: OPEN-M-DHO-165 | D71: M-DHO-165 | E71: Dhoti | F71: 15 | H71: Offset Printing | J71: unknown
A72: I-260903-100545-0 | B72: 46268.421 | C72: OPEN-M-DHO-165 | D72: M-DHO-165 | E72: Dhoti | F72: 11 | H72: Post-Press / Finishing | J72: unknown
A73: I-260903-101317-0 | B73: 46268.426 | C73: GRN-260901-134301-L1 | D73: C-COA-110 | E73: Radicure Textured Duct Matt | F73: 2 | H73: Post-Press / Finishing | J73: unknown
A74: I-260905-154643-0 | B74: 46270.657 | C74: GRN-260902-163557-L2 | D74: P-SBS-011 | E74: Sbs Paper 22X32 330Gsm Cream | F74: 1600 | G74: LTP OUTER | H74: Offset Printing | J74: unknown
A75: I-260905-154649-0 | B75: 46270.658 | C75: GRN-260902-182546-L1 | D75: P-SBS-417 | E75: 20X32 | F75: 5300 | G75: LTP INNER | H75: Offset Printing | J75: unknown
A76: I-260905-154656-0 | B76: 46270.658 | C76: GRN-260905-154042-L1 | D76: P-SBS-287 | E76: Sbs Paper 22X28 295Gsm | F76: 1200 | G76: TMB VALVE INNER | H76: Offset Printing | J76: unknown
A77: I-260905-154701-0 | B77: 46270.658 | C77: GRN-260905-154042-L2 | D77: P-SBS-007 | E77: Sbs Paper 25X36 325Gsm Cream | F77: 800 | G77: piramal, CCP, FND | H77: Offset Printing | J77: unknown
A78: I-260905-154707-0 | B78: 46270.658 | C78: GRN-260905-154042-L4 | D78: P-SBS-346 | E78: SBS Board 23X36 325Gsm | F78: 1100 | G78: VML | H78: Offset Printing | J78: unknown
A79: I-260905-172835-0 | B79: 46270.728 | C79: GRN-260825-154328-L1 | D79: M-DHO-165 | E79: Dhoti | F79: 15 | H79: Offset Printing | J79: unknown
A80: I-260905-173208-0 | B80: 46270.731 | C80: GRN-260824-161141-L1 | D80: CH-SOL-116 | E80: Nova Nol Xtra | F80: 20 | G80: 2/C | H80: Post-Press / Finishing | I80: ⚠ Pulled from general stock (job "2/C" had none of its own left) | J80: unknown
A81: I-260905-173330-0 | B81: 46270.732 | C81: GRN-260807-131011-L1 | D81: CH-SOL-144 | E81: Benzene | F81: 5 | G81: 2/C | H81: Post-Press / Finishing | I81: ⚠ Pulled from general stock (job "2/C" had none of its own left) | J81: unknown
A82: I-260905-183536-0 | B82: 46270.775 | C82: OPEN-I-PAN-095 | D82: I-PAN-095 | E82: Colorosence lip color gold new | F82: 1 | H82: Offset Printing | J82: unknown
A83: I-260905-184908-0 | B83: 46270.784 | C83: OPEN-A-TAP-125 | D83: A-TAP-125 | E83: Arobond Adhesive | F83: 5 | H83: Dispatch | J83: unknown
A84: I-260907-103942-0 | B84: 46272.444 | C84: OPEN-I-CMY-063 | D84: I-CMY-063 | E84: Universal Plus Magenta | F84: 4 | H84: Offset Printing | J84: unknown
A85: I-260907-104005-0 | B85: 46272.445 | C85: OPEN-I-CMY-064 | D85: I-CMY-064 | E85: Universal Plus Yellow | F85: 2 | H85: Offset Printing | J85: unknown
A86: I-260907-104034-0 | B86: 46272.445 | C86: OPEN-I-CMY-062 | D86: I-CMY-062 | E86: Universal Plus Cyan Ink | F86: 2 | H86: Offset Printing | J86: unknown
A87: I-260907-173023-0 | B87: 46272.729 | C87: OPEN-I-PAN-084 | D87: I-PAN-084 | E87: O/S jss Orange | F87: 2 | H87: Offset Printing | J87: unknown
A88: I-260907-173417-0 | B88: 46272.732 | C88: GRN-260905-154042-L2 | D88: P-SBS-007 | E88: Sbs Paper 25X36 325Gsm Cream | F88: 1600 | G88: piramal, CCP, FND | H88: Offset Printing | I88: ccp | J88: unknown
A89: I-260907-173424-0 | B89: 46272.732 | C89: GRN-260907-121302-L1 | D89: P-DUP-218 | E89: Duplex 23X36 300Gsm White Back | F89: 2304 | G89: kervo | H89: Offset Printing | J89: unknown
A90: I-260907-173431-0 | B90: 46272.732 | C90: GRN-260907-121302-L2 | D90: P-DUP-055 | E90: Duplex 23X36 300Gsm Gray Back | F90: 1440 | G90: tmb outer | H90: Offset Printing | J90: unknown
A91: I-260907-173518-0 | B91: 46272.733 | C91: OPEN-P-SBS-005 | D91: P-SBS-005 | E91: Sbs Paper 23X39 325Gsm | F91: 600 | G91: coloressence- Alovera | H91: Offset Printing | I91: ⚠ Pulled from general stock (job "coloressence- Alovera" had none of its own left) | J91: unknown
A92: I-260908-173259-0 | B92: 46273.731 | C92: GRN-260908-172120-L1 | D92: P-SBS-037 | E92: Sbs Paper 21X36 325Gsm Cream | F92: 5200 | G92: kuka sip | H92: Offset Printing | J92: unknown
A93: I-260908-173309-0 | B93: 46273.731 | C93: GRN-260902-163557-L3 | D93: P-SBS-318 | E93: SBS 22X28 330Gsm Cream | F93: 1560 | G93: TBC -2 | H93: Offset Printing | I93: ⚠ Pulled from general stock (job "TBC -2" had none of its own left) | J93: unknown
A94: I-260908-173337-0 | B94: 46273.732 | C94: OPEN-I-CMY-064 | D94: I-CMY-064 | E94: Universal Plus Yellow | F94: 2 | H94: Offset Printing | J94: unknown
A95: I-260908-173357-0 | B95: 46273.732 | C95: OPEN-I-CMY-063 | D95: I-CMY-063 | E95: Universal Plus Magenta | F95: 2 | H95: Offset Printing | J95: unknown
A96: I-260910-113341-0 | B96: 46275.482 | C96: OPEN-I-CMY-064 | D96: I-CMY-064 | E96: Universal Plus Yellow | F96: 4 | H96: Offset Printing | J96: unknown
A97: I-260910-113519-0 | B97: 46275.483 | C97: OPEN-I-CMY-063 | D97: I-CMY-063 | E97: Universal Plus Magenta | F97: 2 | H97: Offset Printing | J97: unknown
A98: I-260910-113519-1 | B98: 46275.483 | C98: GRN-260907-104401-L1 | D98: I-CMY-063 | E98: Universal Plus Magenta | F98: 2 | H98: Offset Printing | J98: unknown
A99: I-260910-120819-0 | B99: 46275.506 | C99: GRN-260908-175022-L1 | D99: P-DUP-183 | E99: Duplex 25X36 300Gsm Gray back | F99: 2880 | G99: 3X3 HAV | H99: Offset Printing | J99: unknown
A100: I-260910-120828-0 | B100: 46275.506 | C100: GRN-260827-135410-L1 | D100: P-DUP-054 | E100: Duplex 26X38 300Gsm Gray Back | F100: 1728 | G100: 3x3 HAV | H100: Offset Printing | I100: ⚠ Pulled from Job "JOB --EXTRA" (job "3x3 HAV" had none of its own left) | J100: unknown
...

Sheet Stock Adjustments
A1: Adjustment ID | B1: Timestamp | C1: Batch ID | D1: SKU | E1: Item Name | F1: Qty Adjusted | G1: Reason | H1: Remark | I1: Entered By
A2: ADJ-260806-114718-0 | B2: 46240.491 | C2: OPEN-CH-SOL-144 | D2: CH-SOL-144 | E2: Benzene | F2: -10 | G2: Count Correction | H2: PHYSICAL CHECK | I2: unknown
A3: ADJ-260807-110528-0 | B3: 46241.462 | C3: OPEN-C-COA-110 | D3: C-COA-110 | E3: Radicure Textured Duct Matt | F3: -4 | G3: Count Correction | I3: unknown
A4: ADJ-260807-110756 | B4: 46241.464 | C4: CORR-260807-110756 | D4: CH-VAR-141 | E4: Ultra Shield 417 Duct Gloss OP Varnish | F4: 20 | G4: Count Correction | I4: unknown
A5: ADJ-260820-182625 | B5: 46254.768 | C5: CORR-260820-182625 | D5: C-COA-110 | E5: Radicure Textured Duct Matt | F5: 7 | G5: Count Correction | H5: UPDATE | I5: unknown
A6: ADJ-260820-182657 | B6: 46254.769 | C6: CORR-260820-182657 | D6: I-CMY-225 | E6: Radicure Led 100000 PRO YELLOW | F6: 4 | G6: Count Correction | H6: UPDATE | I6: unknown
A7: ADJ-260820-182729-0 | B7: 46254.769 | C7: OPEN-I-CMY-226 | D7: I-CMY-226 | E7: Radicure Led 100000 PRO WHITE | F7: -5 | G7: Count Correction | I7: unknown
A8: ADJ-260820-182758 | B8: 46254.769 | C8: CORR-260820-182758 | D8: I-CMY-229 | E8: Radicure Led 100000 PRO BLACK | F8: 5 | G8: Count Correction | H8: UPDATE | I8: unknown
A9: ADJ-260820-182823 | B9: 46254.77 | C9: CORR-260820-182823 | D9: I-CMY-228 | E9: Radicure Led 100000 PRO CYAN | F9: 5 | G9: Count Correction | I9: unknown
A10: ADJ-260820-183025 | B10: 46254.771 | C10: CORR-260820-183025 | D10: I-CMY-227 | E10: Radicure Led 100000 PRO MAGENTA | F10: 2 | G10: Count Correction | I10: unknown
A11: ADJ-260820-183340-0 | B11: 46254.773 | C11: OPEN-I-CMY-071 | D11: I-CMY-071 | E11: Sicura Smartcure Uv - Led Pr Magenta | F11: -3 | G11: Count Correction | I11: unknown
A12: ADJ-260820-183355-0 | B12: 46254.774 | C12: OPEN-I-CMY-072 | D12: I-CMY-072 | E12: Sicura Smartcure Uv - Led Pr Yellow | F12: -2 | G12: Count Correction | I12: unknown
A13: ADJ-260820-183420-0 | B13: 46254.774 | C13: OPEN-I-CMY-073 | D13: I-CMY-073 | E13: Sicura Smartcure Uv - Led Pr Black | F13: -2 | G13: Count Correction | I13: unknown
A14: ADJ-260822-101722-0 | B14: 46256.429 | C14: OPEN-M-DHO-165 | D14: M-DHO-165 | E14: Dhoti | F14: -1084 | G14: Count Correction | H14: big adjustment | I14: unknown
A15: ADJ-260822-101755-0 | B15: 46256.429 | C15: GRN-260807-110449-L1 | D15: CH-SOL-116 | E15: Nova Nol Xtra | F15: -40 | G15: Count Correction | I15: unknown
A16: ADJ-260824-164145-0 | B16: 46258.696 | C16: OPEN-CH-SOL-268 | D16: CH-SOL-268 | E16: Screen Clearning Aid Amyle | F16: -5 | G16: Count Correction | I16: unknown
A17: ADJ-260901-135711-0 | B17: 46266.581 | C17: CORR-260820-182625 | D17: C-COA-110 | E17: Radicure Textured Duct Matt | F17: -1 | G17: Count Correction | I17: unknown
A18: ADJ-260901-135711-1 | B18: 46266.581 | C18: GRN-260824-161141-L2 | D18: C-COA-110 | E18: Radicure Textured Duct Matt | F18: -4 | G18: Count Correction | I18: unknown
A19: ADJ-260901-135711-2 | B19: 46266.581 | C19: GRN-260901-134301-L1 | D19: C-COA-110 | E19: Radicure Textured Duct Matt | F19: -1 | G19: Count Correction | I19: unknown
A20: ADJ-260901-141226-0 | B20: 46266.592 | C20: OPEN-CH-SOL-199 | D20: CH-SOL-199 | E20: TK 3400 Wb Board Primer | F20: -25 | G20: Count Correction | I20: unknown
A21: ADJ-260901-155208-0 | B21: 46266.661 | C21: OPEN-P-SBS-337 | D21: P-SBS-337 | E21: SBS PAPER 34.5X40 325Gsm | F21: -2500 | G21: Count Correction | I21: unknown
A22: ADJ-260902-130044 | B22: 46267.542 | C22: OPEN-I-CMY-061 | D22: I-CMY-061 | E22: Universal Plus Black Ink | F22: -6 | G22: Count Correction | I22: unknown
A23: ADJ-260902-130125 | B23: 46267.543 | C23: OPEN-I-CMY-064 | D23: I-CMY-064 | E23: Universal Plus Yellow | F23: -4 | G23: Count Correction | I23: unknown
A24: ADJ-260902-131618 | B24: 46267.553 | C24: OPEN-I-CMY-063 | D24: I-CMY-063 | E24: Universal Plus Magenta | F24: -8 | G24: Count Correction | I24: unknown
A25: ADJ-260902-131741 | B25: 46267.554 | C25: OPEN-I-CMY-062 | D25: I-CMY-062 | E25: Universal Plus Cyan Ink | F25: -6 | G25: Count Correction | I25: unknown
A26: ADJ-260902-132311 | B26: 46267.558 | C26: OPEN-I-CMY-225 | D26: I-CMY-225 | E26: Radicure Led 100000 PRO YELLOW | F26: 1 | G26: Count Correction | I26: unknown
... A52: ADJ-260905-183751-0 | B52: 46270.776 | C52: OPEN-I-PAN-083 | D52: I-PAN-083 | E52: Pan 021c | F52: -5 | G52: Count Correction | I52: unknown

Sheet GRN
A1: GRN ID | B1: Date | C1: Vendor | D1: Invoice/Challan No | E1: Invoice Image | F1: Remark | G1: Entered By
A2: GRN-260803-153646 | B2: 46237 | C2: M/s SUGANDH ENTERPRISES | D2: 3158 | E2: https://drive.google.com/file/d/1POaWVoFiZUo9FDkq_UDQjmDGl2v7hHy6/view?usp=drivesdk | G2: unknown
A3: GRN-260807-110449 | B3: 46240 | C3: DS INDIA | D3: INV01 | G3: unknown
A4: GRN-260807-130931 | B4: 46241 | C4: DS INDIA | D4: OK26/3254 | G4: unknown
A5: GRN-260807-131011 | B5: 46241 | C5: DS INDIA | D5: OK26/3255 | G5: unknown
A6: GRN-260814-133526 | B6: 46247 | C6: SUGANDH ENTERPRISES | D6: 386 | E6: https://drive.google.com/file/d/1jiWlkvuJ7EJaCczbhXkth89NRmdx2xS1/view?usp=drivesdk | G6: unknown
A7: GRN-260814-133835 | B7: 46247 | C7: SUGANDHA | D7: 3401 | E7: https://drive.google.com/file/d/1mCM2rCWosn2aZM-8dOlZwFLg-OXFz41t/view?usp=drivesdk | G7: unknown
A8: GRN-260814-134220 | B8: 46246 | C8: SUGANDH ENTERPRISES | D8: 3394 | E8: https://drive.google.com/file/d/16T5SZl-w2AIoW7qfTHIq3sNfXQfNZPfH/view?usp=drivesdk | G8: unknown
A9: GRN-260814-135007 | B9: 46245 | C9: VT | D9: 4387 | E9: https://drive.google.com/file/d/10TvKtelbyXaDDO3YwT309grxo_-t7XNc/view?usp=drivesdk | G9: unknown
A10: GRN-260814-135530 | B10: 46248 | C10: SUGANDH ENTERPRISES | D10: 3358 | E10: https://drive.google.com/file/d/1fdNxdmeGbCej4VAGDAeq52vro_cf6wuH/view?usp=drivesdk | G10: unknown
A11: GRN-260814-140243 | B11: 46242 | C11: SUGANDH ENTERPRISES | D11: 3293 | E11: https://drive.google.com/file/d/1jqJF1dO7v8y1E2xfs3ZS-IykpY5rXyrc/view?usp=drivesdk | G11: unknown
A12: GRN-260814-140908 | B12: 46239 | C12: SUGANDH ENTERPRISES | D12: 3213 | E12: https://drive.google.com/file/d/1LW3oHLE70UVplYTKWk5s4WeQLSYasdi_/view?usp=drivesdk | G12: unknown
A13: GRN-260820-145704 | B13: 46248 | C13: SUGANDH ENTERPRISES | D13: 3457 | E13: https://drive.google.com/file/d/14RdYNG_MEWCeiP0yib1mhv0rvjeh5eLz/view?usp=drivesdk | G13: unknown
A14: GRN-260820-150132 | B14: 46253 | C14: SUGANDH ENTERPRISES | D14: 3514 | E14: https://drive.google.com/file/d/1rPD7BlyBT_LF1D13zCb0eM-RryixopT8/view?usp=drivesdk | G14: unknown
A15: GRN-260820-182215 | B15: 46254 | C15: ANIL AGENCIES PVT LTD | D15: AAPL/3238/26-27 | E15: https://drive.google.com/file/d/1okiSon3jNL3DwU2InmCGXNEonJ_rFY5T/view?usp=drivesdk | G15: unknown
A16: GRN-260820-182551 | B16: 46254 | C16: JAIN ARORA | D16: ---- | G16: unknown
A17: GRN-260820-190621 | B17: 46254 | C17: SUGANDH ENTERPRISES | D17: 3572 | E17: https://drive.google.com/file/d/1A0abbVBnkJ5R2BzaaEMZu_XCKIkeW34f/view?usp=drivesdk | G17: unknown
A18: GRN-260820-190757 | B18: 46254 | C18: SUGANDH ENTERPRISES | D18: 3570 | E18: https://drive.google.com/file/d/1AG1J3Z19fsksfpL--J-1JZA7qktne5RM/view?usp=drivesdk | G18: unknown
A19: GRN-260824-161141 | B19: 46258 | C19: DSD INDIA | D19: INV26272408 | G19: unknown
A20: GRN-260825-154328 | B20: 46258 | C20: SHYAM LAL DHOTI | D20: INV111 | G20: unknown
A21: GRN-260825-183711 | B21: 46255 | C21: VT | D21: 4217 | E21: https://drive.google.com/file/d/1uuVr3MNLrmjablmddaGgRKf-waH-UNLJ/view?usp=drivesdk | G21: unknown
A22: GRN-260825-193128 | B22: 46258 | C22: D D ENTERPRISES | D22: 4842 | E22: https://drive.google.com/file/d/1z-fAn2MJeUdtrWTQlj4RI73Vam8ysfpz/view?usp=drivesdk | G22: unknown
A23: GRN-260826-153644 | B23: 46251 | C23: DS INDIA | D23: 1111 | E23: https://drive.google.com/file/d/1k3GVllCUCwVnnhBSD33kfVHPeFMgLgp_/view?usp=drivesdk | G23: unknown
A24: GRN-260827-135001 | B24: 46260 | C24: SUGANDH ENTERPRISES | D24: 3702 | E24: https://drive.google.com/file/d/1vKs43bvx6SamW87uR8bA5iOmxyfCZcvn/view?usp=drivesdk | G24: unknown
A25: GRN-260827-135231 | B25: 46260 | C25: SUGANDH ENTERPRISES | D25: 3699 | E25: https://drive.google.com/file/d/17MZWZBoa69AXsHEqhBmnJVmBySDJmDay/view?usp=drivesdk | G25: unknown
A26: GRN-260827-135410 | B26: 46260 | C26: VT | D26: 1142 | G26: unknown
A27: GRN-260827-135604 | B27: 46259 | C27: Shri Mahavir Papers Trading Pvt Ltd | D27: 4902/OK | E27: https://drive.google.com/file/d/1yDYRN1xEy4Lt1W0ULzY14CB-nyHqlqi2/view?usp=drivesdk | G27: unknown
A28: GRN-260827-135758 | B28: 46259 | C28: SUGANDH ENTERPRISES | D28: 3643 | E28: https://drive.google.com/file/d/1TCzVaeIzb5EiGEkPpI8Bbfg-Rf4Ipkiw/view?usp=drivesdk | G28: unknown
A29: GRN-260827-140051 | B29: 46261 | C29: Shri Mahavir Papers Trading Pvt Ltd | D29: 4897/OK | E29: https://drive.google.com/file/d/1U9JqmYAL_FPQtoPvVF5rmwzTo3d-ED_r/view?usp=drivesdk | G29: unknown
A30: GRN-260831-155325 | B30: 46265 | C30: SUNEJA SONS | D30: 26-27/1373 | E30: https://drive.google.com/file/d/1gaZCQsjryedsdzFsK1ac-cwhOxRCD4MW/view?usp=drivesdk | G30: unknown
A31: GRN-260901-134301 | B31: 46266 | C31: D.S.INDIA | D31: OK26/3902 | E31: https://drive.google.com/file/d/1rjO9-avp37eVAaDnCq4aap1iqK5MwyWY/view?usp=drivesdk | G31: unknown
A32: GRN-260901-140314 | B32: 46265 | C32: VT | D32: 4237 | E32: https://drive.google.com/file/d/1auxuwDL0BYUifGTyE6Bd8dX8CZX2rkuk/view?usp=drivesdk | G32: unknown
A33: GRN-260901-143739 | B33: 46266 | C33: SUGANDH ENTERPRISES | D33: 3811 | E33: https://drive.google.com/file/d/1pTHudKD3vM-AQxqrvyRIuzHpOe9B1O5a/view?usp=drivesdk | G33: unknown
A34: GRN-260901-154957 | B34: 46265 | C34: SUGANDH ENTERPRISES | D34: 3794 | E34: https://drive.google.com/file/d/1ToUkxk6hfNQKOpIW9bIyxD0h0QTCXc-X/view?usp=drivesdk | G34: unknown
A35: GRN-260902-163557 | B35: 46255 | C35: EVEREST PAPER CONVERTOR | D35: EPC-197/26-27 | E35: https://drive.google.com/file/d/1KVYJhVVdFowESKB7xSJUy2ZJya1wOX_Y/view?usp=drivesdk | G35: unknown
A36: GRN-260902-182546 | B36: 46267 | C36: DHARMKOT | D36: 50 | E36: https://drive.google.com/file/d/1e2pv0nfJe0WjcWKVup55NktQqnSYeZwt/view?usp=drivesdk | G36: unknown
A37: GRN-260902-182853 | B37: 46267 | C37: SUDARSHAN PAPER COMPANY | D37: 29699 | E37: https://drive.google.com/file/d/1mdcXHBd9nh8HbXbQ0P7lLUbH5PcdGL5j/view?usp=drivesdk | G37: unknown
A38: GRN-260905-154042 | B38: 46269 | C38: SUĞANDH ENTERPRISES | D38: 3872 | E38: https://drive.google.com/file/d/1ZRhIzn-gxvDMXZS_WSkuj_H7RxLdaLNV/view?usp=drivesdk | G38: unknown
A39: GRN-260905-172741 | B39: 46270 | C39: ds india | D39: ok26-27 | G39: unknown
A40: GRN-260905-173106 | B40: 46270 | C40: SHYAMLAL | D40: ---- | G40: unknown
A41: GRN-260907-104401 | B41: 46270 | C41: APEX | D41: 417 | E41: https://drive.google.com/file/d/13H7bQo16ehMaur6Ir_i9WWDojCP09xAx/view?usp=drivesdk | G41: unknown
A42: GRN-260907-121302 | B42: 46270 | C42: VT | D42: 4251 | E42: https://drive.google.com/file/d/1fkZtaqxMtOU8qf8ZN6o_5011wKKuWsbZ/view?usp=drivesdk | G42: unknown
A43: GRN-260907-121601 | B43: 46270 | C43: SOHAM TRADERS | D43: 786 | E43: https://drive.google.com/file/d/1r13HRSACuY-3Hk1ytMs8vm3AsYYoz7Qn/view?usp=drivesdk | G43: unknown
A44: GRN-260907-121749 | B44: 46270 | C44: SUGANDH ENTERPRISES | D44: 3888 | E44: https://drive.google.com/file/d/1qV58c-Xr0dJNH4Jw1ZGELEpK0NUdJXpO/view?usp=drivesdk | G44: unknown
A45: GRN-260908-172120 | B45: 46272 | C45: SUGANDH ENTERPRISES | D45: 3931 | E45: https://drive.google.com/file/d/1yGBofcd6qD2Pey89YFAznUdhrPJhR6Kj/view?usp=drivesdk | G45: unknown
A46: GRN-260908-172440 | B46: 46273 | C46: SUGANDH ENTERPRISES | D46: 3957 | E46: https://drive.google.com/file/d/147QP6jwEkeouGe6qTVIwvPG6IWrv0erY/view?usp=drivesdk | G46: unknown
A47: GRN-260908-175022 | B47: 46273 | C47: VT | D47: 4258 | E47: https://drive.google.com/file/d/1A7z30cMi6xDgqtmzYCB127wt7QnYYXw9/view?usp=drivesdk | G47: unknown
A48: GRN-260910-123314 | B48: 46274 | C48: SS | D48: 111 | G48: unknown
A49: GRN-260910-123655 | B49: 46274 | C49: DS INDIA | D49: OK26/4110 | E49: https://drive.google.com/file/d/1OVR-YtZ2ucFFpF3mwjmk-SzxkxYBBQkY/view?usp=drivesdk | G49: unknown
A50: GRN-260910-125552 | B50: 46275 | C50: NARESH PAPER BHANDAR | D50: NPB-17578/26-27 | E50: https://drive.google.com/file/d/1ZTVO45fLe26MvthO4eO3S7Jp0iJvH4MZ/view?usp=drivesdk | G50: unknown
A51: GRN-260911-103709 | B51: 46275 | C51: SUGANDH ENTERPRISES | D51: 4036 | E51: https://drive.google.com/file/d/1XksOWs-K5nVx12yNRvPOMZ1IqVLVx7o6/view?usp=drivesdk | G51: unknown
A52: GRN-260911-104302 | B52: 46275 | C52: D.S.INDIA | D52: OK26/4180 | E52: https://drive.google.com/file/d/1y0tJQQ4opKQCVQ_NUxIW1m2Xrqn4wM7N/view?usp=drivesdk | G52: unknown
A53: GRN-260911-104622 | B53: 46274 | C53: D.S.INDIA | D53: OK26/4154 | E53: https://drive.google.com/file/d/1t3Eslys52THzithzRKn5LjDpVfejs6cc/view?usp=drivesdk | G53: unknown
A54: GRN-260912-154713 | B54: 46275 | C54: SUGANDH ENTERPRISES | D54: 4036 | E54: https://drive.google.com/file/d/1zxd3XcO967MvEkgk0wtFXxZ8GPREApj0/view?usp=drivesdk | G54: unknown
A55: GRN-260912-154839 | B55: 46276 | C55: SUGANDH ENTERPRISES | D55: 4068 | E55: https://drive.google.com/file/d/1haSJXHMPIDREfYyZwWmpk_OBLNfQE6q2/view?usp=drivesdk | G55: unknown
A56: GRN-260915-161615 | B56: 46279 | C56: SUGANDH ENTERPRISES | D56: 4123 | E56: https://drive.google.com/file/d/1qmkKNHQdCww5C1cTQXT7NlK6cIbST2W1/view?usp=drivesdk | G56: unknown
A57: GRN-260915-161833 | B57: 46279 | C57: D D ENTERPRISES | D57: 5586 | E57: https://drive.google.com/file/d/1uihfaTFB6Wj0D_tfTIwhXvPWn5PcFcxV/view?usp=drivesdk | G57: unknown
A58: GRN-260915-200643 | B58: 46280 | C58: SUGANDH ENTERPRISES | D58: 4166 | E58: https://drive.google.com/file/d/1-dtrxiAeQKsQqXvxg3DXBYIe4NpNNuVt/view?usp=drivesdk | G58: unknown

Sheet Item Record Check
A1: Item Record Checker | B1: Category | C1: Material | D1: Size | E1: Gsm/Mic | F1: Color | G1: Finish/Extra
B2: Paper | D2: 20X32
A6: =IFERROR(__xludf.DUMMYFUNCTION("IFERROR( QUERY( 'Item List'!A:I, ""select I, A, B, C, D, E, F, G, H where 1=1"" & IF(B2<>"""","" and B = '""&B2&""'"","""") & IF(C2<>"""","" and C = '""&C2&""'"","""") & IF(D2<>"""","" and D = '""&D2&""'"","""") & IF(E2<>"""","" "&"and E = '""&E2&""'"","""") & IF(F2<>"""","" and F = '""&F2&""'"","""") & IF(G2<>"""","" and G = '""&G2&""'"","""") ,1), ""❌ No matching record found"" )"),"SKU CODE") -> SKU CODE | B6: =IFERROR(__xludf.DUMMYFUNCTION("""COMPUTED_VALUE"""),"Item Name ") -> Item Name | C6: =IFERROR(__xludf.DUMMYFUNCTION("""COMPUTED_VALUE"""),"Category") -> Category | D6: =IFERROR(__xludf.DUMMYFUNCTION("""COMPUTED_VALUE"""),"Material") -> Material | E6: =IFERROR(__xludf.DUMMYFUNCTION("""COMPUTED_VALUE"""),"Size") -> Size | F6: =IFERROR(__xludf.DUMMYFUNCTION("""COMPUTED_VALUE"""),"Gsm/Mic") -> Gsm/Mic | G6: =IFERROR(__xludf.DUMMYFUNCTION("""COMPUTED_VALUE"""),"Color") -> Color | H6: =IFERROR(__xludf.DUMMYFUNCTION("""COMPUTED_VALUE"""),"Finish/Extra") -> Finish/Extra | I6: =IFERROR(__xludf.DUMMYFUNCTION("""COMPUTED_VALUE"""),"Unit") -> Unit | J6: Stock
A7: =IFERROR(__xludf.DUMMYFUNCTION("""COMPUTED_VALUE"""),"P-SBS-417") -> P-SBS-417 | B7: =IFERROR(__xludf.DUMMYFUNCTION("""COMPUTED_VALUE"""),"20X32") -> 20X32 | C7: =IFERROR(__xludf.DUMMYFUNCTION("""COMPUTED_VALUE"""),"Paper") -> Paper | D7: =IFERROR(__xludf.DUMMYFUNCTION("""COMPUTED_VALUE"""),"Sbs Paper") -> Sbs Paper | E7: =IFERROR(__xludf.DUMMYFUNCTION("""COMPUTED_VALUE"""),"20X32") -> 20X32 | F7: =IFERROR(__xludf.DUMMYFUNCTION("""COMPUTED_VALUE"""),"330Gsm") -> 330Gsm | G7: =IFERROR(__xludf.DUMMYFUNCTION("""COMPUTED_VALUE"""),"–") -> – | H7: =IFERROR(__xludf.DUMMYFUNCTION("""COMPUTED_VALUE"""),"–") -> – | I7: =IFERROR(__xludf.DUMMYFUNCTION("""COMPUTED_VALUE"""),"Sheet") -> Sheet | J7: {=if(A7:A1000<>"",VLOOKUP(A7:A1000,IMS!$A$2:$E$999,5,0),"")} -> 0

Sheet InOut (Manual)
A1: Timestamp | B1: SKU CODE | C1: In/Out | D1: Date | E1: Quantity | F1: Department | G1: Remark | H1: Job Name | I1: Item Name | J1: Category | K1: Material | L1: Size | M1: Gsm/Mic | N1: Color | O1: Finish/Extra | P1: Unit | Q1: Closing Stock
A2: 46053.76 | B2: P-SBS-001 | C2: In | D2: 46050 | E2: 2300 | F2: Cutting | I2: {=BYROW( B2:B3074, LAMBDA(sku, IF( sku="","", _xlfn.XLOOKUP( sku, 'Item List'!I:I, 'Item List'!A:H, "" ) ) ) )} -> Sbs Paper 23X36 330Gsm White | J2: Paper | K2: Sbs Paper | L2: 23X36 | M2: 330Gsm | N2: White | O2: – | P2: Sheet | Q2: {=if(B2:B3074<>"",VLOOKUP(B2:B3074,IMS!$A$2:$E$999,5,0),"")} -> 0
A3: 46053.76 | B3: P-SBS-002 | C3: In | D3: 46050 | E3: 1000 | F3: Cutting | I3: Sbs Paper 23X36 330Gsm Cream | J3: Paper | K3: Sbs Paper | L3: 23X36 | M3: 330Gsm | N3: Cream | O3: – | P3: Sheet | Q3: 0
A4: 46053.76 | B4: P-SBS-003 | C4: In | D4: 46050 | E4: 3300 | F4: Cutting | I4: Sbs Paper 23X36 300Gsm White | J4: Paper | K4: Sbs Paper | L4: 23X36 | M4: 300Gsm | N4: White | O4: – | P4: Sheet | Q4: 400
A5: 46053.76 | B5: P-SBS-004 | C5: In | D5: 46050 | E5: 500 | F5: Cutting | I5: Sbs Paper 23X39 350Gsm | J5: Paper | K5: Sbs Paper | L5: 23X39 | M5: 350Gsm | N5: – | O5: – | P5: Sheet | Q5: 600
A6: 46053.76 | B6: P-SBS-005 | C6: In | D6: 46050 | E6: 300 | F6: Cutting | I6: Sbs Paper 23X39 325Gsm | J6: Paper | K6: Sbs Paper | L6: 23X39 | M6: 325Gsm | N6: – | O6: – | P6: Sheet | Q6: 2600
A7: 46053.76 | B7: P-SBS-006 | C7: In | D7: 46050 | E7: 1100 | F7: Cutting | I7: Sbs Paper 23X36 300Gsm Cream | J7: Paper | K7: Sbs Paper | L7: 23X36 | M7: 300Gsm | N7: Cream | O7: – | P7: Sheet | Q7: 800
A8: 46053.76 | B8: P-SBS-007 | C8: In | D8: 46050 | E8: 1700 | F8: Cutting | I8: Sbs Paper 25X36 325Gsm Cream | J8: Paper | K8: Sbs Paper | L8: 25X36 | M8: 325Gsm | N8: Cream | O8: – | P8: Sheet | Q8: 200
A9: 46053.76 | B9: P-SBS-008 | C9: In | D9: 46050 | E9: 150 | F9: Cutting | I9: Sbs Paper 25X36 325Gsm White | J9: Paper | K9: Sbs Paper | L9: 25X36 | M9: 325Gsm | N9: White | O9: – | P9: Sheet | Q9: 0
A10: 46053.76 | B10: P-SBS-009 | C10: In | D10: 46050 | E10: 1200 | F10: Cutting | I10: Sbs Paper 31.5X41.5 350Gsm Cream | J10: Paper | K10: Sbs Paper | L10: 31.5X41.5 | M10: 350Gsm | N10: Cream | O10: – | P10: Sheet | Q10: 30
A11: 46053.76 | B11: P-SBS-010 | C11: In | D11: 46050 | E11: 1400 | F11: Cutting | I11: Sbs Paper 26X38 345Gsm Cream | J11: Paper | K11: Sbs Paper | L11: 26X38 | M11: 345Gsm | N11: Cream | O11: – | P11: Sheet | Q11: 400
A12: 46053.76 | B12: P-SBS-011 | C12: In | D12: 46050 | E12: 1500 | F12: Cutting | I12: Sbs Paper 22X32 330Gsm Cream | J12: Paper | K12: Sbs Paper | L12: 22X32 | M12: 330Gsm | N12: Cream | O12: – | P12: Sheet | Q12: 0
A13: 46053.76 | B13: P-SBS-012 | C13: In | D13: 46050 | E13: 600 | F13: Cutting | I13: Sbs Paper 22X32 300Gsm Cream | J13: Paper | K13: Sbs Paper | L13: 22X32 | M13: 300Gsm | N13: Cream | O13: – | P13: Sheet | Q13: 1000
A14: 46053.76 | B14: P-SBS-013 | C14: In | D14: 46050 | E14: 5400 | F14: Cutting | I14: Sbs Paper 22X28 330Gsm White | J14: Paper | K14: Sbs Paper | L14: 22X28 | M14: 330Gsm | N14: White | O14: – | P14: Sheet | Q14: 1800
... A173: 46053.771 | B173: C-FOI-172 | C173: In | D173: 46052 | E173: 3 | F173: Store | I173: Led Pr cyan led process | J173: Coating | K173: Foil | L173: – | M173: – | N173: – | O173: Led-Exc26013v | P173: Kg | Q173: 3
A174: 46053.771 | B174: M-DHO-165 | C174: Out | D174: 46052 | E174: 5 | I174: Dhoti | J174: Miscellaneous | K174: Dhoti | L174: – | M174: – | N174: – | O174: – | P174: Pc | Q174: 580
A175: 46053.771 | B175: A-TAP-120 | C175: Out | D175: 46052 | E175: 1 | I175: Self Adhesive Tissue Tape 10 Mm | J175: Adhesive | K175: Tape | L175: 10Mm | M175: – | N175: – | O175: – | P175: Pc | Q175: 6
A176: 46053.771 | B176: M-DHO-165 | C176: Out | D176: 46053 | E176: 10 | F176: Printing | I176: Dhoti | J176: Miscellaneous | K176: Dhoti | L176: – | M176: – | N176: – | O176: – | P176: Pc | Q176: 580
A177: 46053.771 | B177: M-DHO-165 | C177: Out | D177: 46053 | E177: 10 | F177: Die Cutting | I177: Dhoti | J177: Miscellaneous | K177: Dhoti | L177: – | M177: – | N177: – | O177: – | P177: Pc | Q177: 580
A178: 46053.771 | B178: CH-SOL-118 | C178: Out | D178: 46053 | E178: 1 | F178: Printing | I178: Anti Set off spray | J178: Chemical | K178: Solution | L178: – | M178: – | N178: – | O178: – | P178: Pkt | Q178: 3
A179: 46053.771 | B179: P-SBS-017 | C179: Out | D179: 46052 | E179: 2500 | F179: Cutting | I179: Sbs Paper 21X36 340Gsm Cream | J179: Paper | K179: Sbs Paper | L179: 21X36 | M179: 340Gsm | N179: Cream | O179: – | P179: Sheet | Q179: 0
A180: 46053.771 | B180: P-SBS-004 | C180: Out | D180: 46052 | E180: 500 | F180: Cutting | I180: Sbs Paper 23X39 350Gsm | J180: Paper | K180: Sbs Paper | L180: 23X39 | M180: 350Gsm | N180: – | O180: – | P180: Sheet | Q180: 600
A181: 46053.771 | B181: P-SBS-015 | C181: Out | D181: 46052 | E181: 700 | F181: Cutting | I181: Sbs Paper 22X28 320Gsm | J181: Paper | K181: Sbs Paper | L181: 22X28 | M181: 320Gsm | N181: – | O181: – | P181: Sheet | Q181: 0
A182: 46053.771 | B182: P-SBS-173 | C182: In | D182: 46052 | E182: 3300 | F182: Cutting | I182: Sbs Paper 25X30 300Gsm Cream | J182: Paper | K182: Sbs Paper | L182: 25X30 | M182: 300Gsm | N182: Cream | O182: – | P182: Sheet | Q182: 400
A183: 46024.399 | B183: P-KRA-174 | C183: In | D183: 46052 | E183: 5600 | F183: Cutting | I183: Kraft Paper 23X32 320Gsm White | J183: Paper | K183: Kraft Paper | L183: 23X32 | M183: 320Gsm | N183: White | O183: – | P183: Sheet | Q183: 35
A184: 46024.399 | B184: P-SBS-175 | C184: In | D184: 46052 | E184: 1500 | F184: Cutting | I184: Sbs Paper 28X40 330Gsm Cream | J184: Paper | K184: Sbs Paper | L184: 28X40 | M184: 330Gsm | N184: Cream | O184: – | P184: Sheet | Q184: 0
A185: 46024.399 | B185: P-ART-176 | C185: In | D185: 46053 | E185: 200 | F185: Cutting | I185: Art Card 25X36 300Gsm | J185: Paper | K185: Art Card | L185: 25X36 | M185: 300Gsm | N185: – | O185: – | P185: Sheet | Q185: 0
A186: 46024.399 | B186: P-ART-177 | C186: In | D186: 46053 | E186: 700 | F186: Cutting | I186: Art Card 20X30 250Gsm | J186: Paper | K186: Art Card | L186: 20X30 | M186: 250Gsm | N186: – | O186: – | P186: Sheet | Q186: 0
A187: 46024.399 | B187: P-ART-043 | C187: Out | D187: 46053 | E187: 130 | F187: Cutting | G187: Adjustment | I187: Art Paper 25X36 150Gsm | J187: Paper | K187: Art Paper | L187: 25X36 | M187: 150Gsm | N187: – | O187: – | P187: Sheet | Q187: 0
A188: 46024.399 | B188: P-ART-176 | C188: Out | D188: 46055 | E188: 200 | F188: Cutting | I188: Art Card 25X36 300Gsm | J188: Paper | K188: Art Card | L188: 25X36 | M188: 300Gsm | N188: – | O188: – | P188: Sheet | Q188: 0
A189: 46024.399 | B189: P-ART-177 | C189: Out | D189: 46055 | E189: 700 | F189: Cutting | I189: Art Card 20X30 250Gsm | J189: Paper | K189: Art Card | L189: 20X30 | M189: 250Gsm | N189: – | O189: – | P189: Sheet | Q189: 0
A190: 46024.399 | B190: I-CMY-064 | C190: Out | D190: 46055 | E190: 2 | F190: Printing | I190: Universal Plus Yellow | J190: Ink | K190: Cmyk | L190: – | M190: – | N190: Yellow | O190: Offset | P190: Kg | Q190: 6
A191: 46024.399 | B191: CH-SOL-144 | C191: Out | D191: 46055 | E191: 5 | F191: printing | I191: Benzene | J191: Chemical | K191: Solution | L191: – | M191: – | N191: – | O191: Chemical | P191: Ltr | Q191: 15
A192: 46024.399 | B192: P-MAP-178 | C192: In | D192: 46055 | E192: 1000 | F192: Printing | I192: Mapletho 23X36 78Gsm | J192: Paper | K192: Mapletho | L192: 23X36 | M192: 78Gsm | N192: – | O192: – | P192: Sheet | Q192: 0
A193: 46024.399 | B193: P-MAP-178 | C193: Out | D193: 46055 | E193: 850 | F193: Printing | I193: Mapletho 23X36 78Gsm | J193: Paper | K193: Mapletho | L193: 23X36 | M193: 78Gsm | N193: – | O193: – | P193: Sheet | Q193: 0
A194: 46024.399 | B194: CH-SOL-114 | C194: Out | D194: 46055 | E194: 25 | F194: Printing | I194: Classic Multi Wash-HPC 0214/25D21 | J194: Chemical | K194: Solution | L194: – | M194: – | N194: – | O194: Normal Wash | P194: Ltr | Q194: 20
A195: 46024.399 | B195: CH-SOL-179 | C195: In | D195: 46055 | E195: 25 | F195: Store | I195: New V FD Wash(Hard Wash)-HPC-0237/25D21 | J195: Chemical | K195: Solution | L195: – | M195: – | N195: – | O195: Hard Wash | P195: Ltr | Q195: 25
A196: 46024.399 | B196: M-DHO-165 | C196: Out | D196: 46055 | E196: 5 | F196: Spot Uv | I196: Dhoti | J196: Miscellaneous | K196: Dhoti | L196: – | M196: – | N196: – | O196: – | P196: Pc | Q196: 580
A197: 46024.399 | B197: P-ART-038 | C197: Out | D197: 46053 | E197: 400 | F197: Cutting | I197: Art Card 23X36 350Gsm | J197: Paper | K197: Art Card | L197: 23X36 | M197: 350Gsm | N197: – | O197: – | P197: Sheet | Q197: 0
A198: 46024.441 | B198: P-ART-046 | C198: Out | D198: 46053 | E198: 200 | F198: Cutting | I198: Art Card 23X36 300Gsm | J198: Paper | K198: Art Card | L198: 23X36 | M198: 300Gsm | N198: – | O198: – | P198: Sheet | Q198: 0
A199: 46024.441 | B199: P-ART-046 | C199: In | D199: 46055 | E199: 200 | F199: Cutting | I199: Art Card 23X36 300Gsm | J199: Paper | K199: Art Card | L199: 23X36 | M199: 300Gsm | N199: – | O199: – | P199: Sheet | Q199: 0
... A218: 46056.706 | B218: P-SBS-034 | C218: In | D218: 46056 | E218: 5000 | F218: Cutting | I218: Sbs Paper 28X40 230Gsm Cream | J218: Paper | K218: Sbs Paper | L218: 28X40 | M218: 230Gsm | N218: Cream | O218: – | P218: Sheet | Q218: 2100
A219: 46056.707 | B219: P-SBS-034 | C219: Out | D219: 46056 | E219: 2500 | F219: Cutting | G219: 516/517 | I219: Sbs Paper 28X40 230Gsm Cream | J219: Paper | K219: Sbs Paper | L219: 28X40 | M219: 230Gsm | N219: Cream | O219: – | P219: Sheet | Q219: 2100
A220: 46056.752 | B220: P-SBS-002 | C220: Out | D220: 46056 | E220: 1000 | F220: Cutting | I220: Sbs Paper 23X36 330Gsm Cream | J220: Paper | K220: Sbs Paper | L220: 23X36 | M220: 330Gsm | N220: Cream | O220: – | P220: Sheet | Q220: 0
A221: 46056.755 | B221: P-SBS-184 | C221: In | D221: 46056 | E221: 9190 | F221: Cutting | I221: SBS Board 20.25X34 320Gsm | J221: Paper | K221: Sbs Paper | L221: 20.25X34 | M221: 320Gsm | N221: – | O221: – | P221: Sheet | Q221: 990
A222: 46056.757 | B222: P-SBS-185 | C222: In | D222: 46056 | E222: 2860 | F222: Cutting | I222: SBS Board 23X36 320Gsm | J222: Paper | K222: Sbs Paper | L222: 23X36 | M222: 320Gsm | N222: – | O222: – | P222: Sheet | Q222: 1100
A223: 46057.409 | B223: M-DHO-165 | C223: Out | D223: 46057 | E223: 10 | F223: Die Cutting | I223: Dhoti | J223: Miscellaneous | K223: Dhoti | L223: – | M223: – | N223: – | O223: – | P223: Pc | Q223: 580
A224: 46057.409 | B224: M-DHO-165 | C224: Out | D224: 46057 | E224: 10 | F224: Lamination | I224: Dhoti | J224: Miscellaneous | K224: Dhoti | L224: – | M224: – | N224: – | O224: – | P224: Pc | Q224: 580
A225: 46057.425 | B225: CH-SOL-116 | C225: Out | D225: 46057 | E225: 20 | F225: Printing | I225: Nova Nol Xtra | J225: Chemical | K225: Solution | L225: – | M225: – | N225: – | O225: Alcohol | P225: Ltr | Q225: 20
A226: 46057.515 | B226: M-DHO-165 | C226: Out | D226: 46057 | E226: 10 | F226: Pasting | I226: Dhoti | J226: Miscellaneous | K226: Dhoti | L226: – | M226: – | N226: – | O226: – | P226: Pc | Q226: 580
A227: 46182.444 | B227: CET-CET-131 | C227: Out | D227: 46057 | E227: 20 | F227: DIE CUTTINH | I227: Ceta | J227: Ceta | K227: Ceta | L227: – | M227: – | N227: – | O227: – | P227: Pc | Q227: 100
A228: 46057.654 | B228: I-PAN-097 | C228: Out | D228: 46057 | E228: 2 | F228: Printing | I228: Pan 252c|Primer | J228: Ink | K228: Pantone | L228: – | M228: – | N228: Purple | O228: Ds/23100 | P228: Kg | Q228: 2
A229: 46057.735 | B229: P-KRA-186 | C229: In | D229: 46051 | E229: 3065 | F229: Cutting | I229: Kraft Paper 30.25X31 330Gsm | J229: Paper | K229: Kraft Paper | L229: 30.25X31 | M229: 330Gsm | N229: – | O229: Gray Back | P229: Sheet | Q229: 65
A230: 46057.735 | B230: P-KRA-186 | C230: Out | D230: 46057 | E230: 3000 | F230: Cutting | G230: 518 | I230: Kraft Paper 30.25X31 330Gsm | J230: Paper | K230: Kraft Paper | L230: 30.25X31 | M230: 330Gsm | N230: – | O230: Gray Back | P230: Sheet | Q230: 65
A231: 46058.42 | B231: I-PAN-097 | C231: In | D231: 46057 | E231: 2 | F231: Store | I231: Pan 252c|Primer | J231: Ink | K231: Pantone | L231: – | M231: – | N231: Purple | O231: Ds/23100 | P231: Kg | Q231: 2
A232: 46058.422 | B232: P-DUP-054 | C232: In | D232: 46057 | E232: 2880 | F232: Cutting | I232: Duplex 26X38 300Gsm Gray Back | J232: Paper | K232: Duplex | L232: 26X38 | M232: 300Gsm | N232: Gray Back | O232: – | P232: Sheet | Q232: 0
A233: 46058.425 | B233: C-COA-110 | C233: Out | D233: 46058 | E233: 2 | F233: Printing 2 Color | I233: Radicure Textured Duct Matt | J233: Coating | K233: Coating | L233: – | M233: – | N233: – | O233: Gloss | P233: Kg | Q233: 7
A234: 46058.425 | B234: M-DHO-165 | C234: Out | D234: 46058 | E234: 10 | F234: Printing 2 Color | I234: Dhoti | J234: Miscellaneous | K234: Dhoti | L234: – | M234: – | N234: – | O234: – | P234: Pc | Q234: 580
A235: 46058.517 | B235: M-DHO-165 | C235: Out | D235: 46058 | E235: 10 | F235: Printing 6 Color | I235: Dhoti | J235: Miscellaneous | K235: Dhoti | L235: – | M235: – | N235: – | O235: – | P235: Pc | Q235: 580
A236: 46058.626 | B236: M-DHO-165 | C236: Out | D236: 46058 | E236: 10 | F236: Printing 2 Color | I236: Dhoti | J236: Miscellaneous | K236: Dhoti | L236: – | M236: – | N236: – | O236: – | P236: Pc | Q236: 580
A237: 46058.628 | B237: P-KRA-187 | C237: In | D237: 46058 | E237: 5300 | F237: Paper Cutting | I237: Kraft Paper 29.5X41.5 330Gsm | J237: Paper | K237: Kraft Paper | L237: 29.5X41.5 | M237: 330Gsm | N237: – | O237: Gray Back | P237: Sheet | Q237: 0
A238: 46058.629 | B238: P-KRA-187 | C238: Out | D238: 46058 | E238: 5300 | F238: Paper Cutting | G238: 519 | I238: Kraft Paper 29.5X41.5 330Gsm | J238: Paper | K238: Kraft Paper | L238: 29.5X41.5 | M238: 330Gsm | N238: – | O238: Gray Back | P238: Sheet | Q238: 0
A239: 46058.701 | B239: P-KRA-188 | C239: In | D239: 46055 | E239: 3670 | F239: Paper Cutting | I239: Kraft Paper 35X39.5 320Gsm | J239: Paper | K239: Kraft Paper | L239: 35X39.5 | M239: 320Gsm | N239: – | O239: Gray Back | P239: Sheet | Q239: 0
A240: 46058.701 | B240: P-KRA-188 | C240: Out | D240: 46058 | E240: 500 | F240: Paper Cutting | G240: 520 | I240: Kraft Paper 35X39.5 320Gsm | J240: Paper | K240: Kraft Paper | L240: 35X39.5 | M240: 320Gsm | N240: – | O240: Gray Back | P240: Sheet | Q240: 0
A241: 46058.705 | B241: P-SBS-189 | C241: In | D241: 46057 | E241: 2700 | F241: Paper Cutting | I241: SBS Paper 22X28 345Gsm | J241: Paper | K241: Sbs Paper | L241: 22X28 | M241: 345Gsm | N241: – | O241: – | P241: Sheet | Q241: 0
A242: 46058.751 | B242: CH-SOL-190 | C242: In | D242: 46058 | E242: 20 | F242: Store | I242: UV Hybrid Gloss Duct | J242: Chemical | K242: Solution | L242: – | M242: – | N242: – | O242: Hybrid Gloss | P242: Ltr | Q242: 0
A243: 46059.41 | B243: P-SBS-191 | C243: In | D243: 46058 | E243: 1100 | F243: Paper Cutting | I243: SBS 23X36 345Gsm | J243: Paper | K243: Sbs Paper | L243: 23X36 | M243: 345Gsm | N243: – | O243: – | P243: Sheet | Q243: 0
A244: 46059.411 | B244: M-DHO-165 | C244: Out | D244: 46059 | E244: 5 | F244: lamination | I244: Dhoti | J244: Miscellaneous | K244: Dhoti | L244: – | M244: – | N244: – | O244: – | P244: Pc | Q244: 580
A245: 46059.469 | B245: M-DHO-165 | C245: Out | D245: 46059 | E245: 10 | F245: Hybrid | I245: Dhoti | J245: Miscellaneous | K245: Dhoti | L245: – | M245: – | N245: – | O245: – | P245: Pc | Q245: 580
A246: 46059.469 | B246: M-DHO-165 | C246: Out | D246: 46059 | E246: 10 | F246: Printing | I246: Dhoti | J246: Miscellaneous | K246: Dhoti | L246: – | M246: – | N246: – | O246: – | P246: Pc | Q246: 580
A247: 46059.694 | B247: P-SBS-032 | C247: Out | D247: 46059 | E247: 1000 | F247: Paper Cutting | G247: 522 | I247: Sbs Paper 16X22 330Gsm Cream | J247: Paper | K247: Sbs Paper | L247: 16X22 | M247: 330Gsm | N247: Cream | O247: – | P247: Sheet | Q247: 0
A248: 46059.695 | B248: P-SBS-011 | C248: Out | D248: 46059 | E248: 1000 | F248: Paper Cutting | G248: 522 | I248: Sbs Paper 22X32 330Gsm Cream | J248: Paper | K248: Sbs Paper | L248: 22X32 | M248: 330Gsm | N248: Cream | O248: – | P248: Sheet | Q248: 0
A249: 46059.696 | B249: P-KRA-174 | C249: Out | D249: 46059 | E249: 5565 | F249: Paper Cutting | G249: 521 | I249: Kraft Paper 23X32 320Gsm White | J249: Paper | K249: Kraft Paper | L249: 23X32 | M249: 320Gsm | N249: White | O249: – | P249: Sheet | Q249: 35
A250: 46059.72 | B250: P-SBS-013 | C250: Out | D250: 46059 | E250: 1300 | F250: Paper Cutting | G250: 523 | I250: Sbs Paper 22X28 330Gsm White | J250: Paper | K250: Sbs Paper | L250: 22X28 | M250: 330Gsm | N250: White | O250: – | P250: Sheet | Q250: 1800
A251: 46059.736 | B251: P-SBS-014 | C251: Out | D251: 46059 | E251: 700 | F251: Paper Cutting | G251: 523 | I251: Sbs Paper 22X28 296Gsm Cream | J251: Paper | K251: Sbs Paper | L251: 22X28 | M251: 296Gsm | N251: Cream | O251: – | P251: Sheet | Q251: 0
A252: 46059.783 | B252: CH-SOL-190 | C252: In | D252: 46059 | E252: 40 | F252: Store | G252: 40 | I252: UV Hybrid Gloss Duct | J252: Chemical | K252: Solution | L252: – | M252: – | N252: – | O252: Hybrid Gloss | P252: Ltr | Q252: 0
A253: 46059.784 | B253: C-COA-110 | C253: In | D253: 46059 | E253: 5 | F253: Store | G253: 6 | I253: Radicure Textured Duct Matt | J253: Coating | K253: Coating | L253: – | M253: – | N253: – | O253: Gloss | P253: Kg | Q253: 7
A254: 46060.42 | B254: CH-SOL-190 | C254: Out | D254: 46058 | E254: 20 | F254: Printing | I254: UV Hybrid Gloss Duct | J254: Chemical | K254: Solution | L254: – | M254: – | N254: – | O254: Hybrid Gloss | P254: Ltr | Q254: 0
A255: 46060.42 | B255: C-COA-110 | C255: Out | D255: 46058 | E255: 2 | F255: Printing | I255: Radicure Textured Duct Matt | J255: Coating | K255: Coating | L255: – | M255: – | N255: – | O255: Gloss | P255: Kg | Q255: 7
A256: 46060.436 | B256: I-CMY-064 | C256: Out | D256: 46060 | E256: 2 | F256: Printing-6c | I256: Universal Plus Yellow | J256: Ink | K256: Cmyk | L256: – | M256: – | N256: Yellow | O256: Offset | P256: Kg | Q256: 6
A257: 46060.436 | B257: I-CMY-063 | C257: Out | D257: 46060 | E257: 2 | F257: Printing-6c | I257: Universal Plus Magenta | J257: Ink | K257: Cmyk | L257: – | M257: – | N257: Magenta | O257: Offset | P257: Kg | Q257: 10
A258: 46060.437 | B258: I-PAN-083 | C258: Out | D258: 46060 | E258: 2 | F258: Printing-6c | I258: Pan 021c | J258: Ink | K258: Pantone | L258: – | M258: – | N258: Orange | O258: Offset | P258: Kg | Q258: 5
A259: 46060.437 | B259: I-PAN-084 | C259: Out | D259: 46060 | E259: 2 | F259: Printing-6c | I259: O/S jss Orange | J259: Ink | K259: Pantone | L259: – | M259: – | N259: Orange | O259: Offset | P259: Kg | Q259: 0
A260: 46060.438 | B260: M-DHO-165 | C260: Out | D260: 46060 | E260: 10 | F260: Printing-6c | I260: Dhoti | J260: Miscellaneous | K260: Dhoti | L260: – | M260: – | N260: – | O260: – | P260: Pc | Q260: 580
A261: 46060.445 | B261: CET-CET-131 | C261: Out | D261: 46060 | E261: 6 | F261: Automatic | I261: Ceta | J261: Ceta | K261: Ceta | L261: – | M261: – | N261: – | O261: – | P261: Pc | Q261: 100
A262: 46060.54 | B262: P-DUP-050 | C262: Out | D262: 46060 | E262: 1728 | F262: Paper Cutting | G262: 526 | I262: Duplex 31X41 300Gsm Gray Back | J262: Paper | K262: Duplex | L262: 31X41 | M262: 300Gsm | N262: Gray Back | O262: – | P262: Sheet | Q262: 0
A263: 46060.541 | B263: P-DUP-192 | C263: In | D263: 46060 | E263: 720 | F263: Paper Cutting | G263: 526 | I263: Duplex 31.5X41.5 300Gsm White Back | J263: Paper | K263: Duplex | L263: 31.5X41.5 | M263: 300Gsm | N263: – | O263: White/B | P263: Sheet | Q263: 720
A264: 46060.65 | B264: P-DUP-054 | C264: Out | D264: 46060 | E264: 576 | F264: Paper Cutting | G264: 528 | I264: Duplex 26X38 300Gsm Gray Back | J264: Paper | K264: Duplex | L264: 26X38 | M264: 300Gsm | N264: Gray Back | O264: – | P264: Sheet | Q264: 0
A265: 46060.651 | B265: P-DUP-183 | C265: Out | D265: 46060 | E265: 1008 | F265: Paper Cutting | G265: 527 | I265: Duplex 25X36 300Gsm Gray back | J265: Paper | K265: Duplex | L265: 25X36 | M265: 300Gsm | N265: – | O265: Gray Back | P265: Sheet | Q265: 0
A266: 46060.654 | B266: P-SBS-173 | C266: Out | D266: 46060 | E266: 3200 | F266: Paper Cutting | G266: 524 | I266: Sbs Paper 25X30 300Gsm Cream | J266: Paper | K266: Sbs Paper | L266: 25X30 | M266: 300Gsm | N266: Cream | O266: – | P266: Sheet | Q266: 400
A267: 46060.693 | B267: P-SBS-189 | C267: Out | D267: 46060 | E267: 2700 | F267: Paper Cutting | G267: 529 | I267: SBS Paper 22X28 345Gsm | J267: Paper | K267: Sbs Paper | L267: 22X28 | M267: 345Gsm | N267: – | O267: – | P267: Sheet | Q267: 0
A268: 46060.695 | B268: P-SBS-034 | C268: Out | D268: 46060 | E268: 200 | F268: Paper Cutting | G268: 517 | I268: Sbs Paper 28X40 230Gsm Cream | J268: Paper | K268: Sbs Paper | L268: 28X40 | M268: 230Gsm | N268: Cream | O268: – | P268: Sheet | Q268: 2100
A269: 46062.415 | B269: CET-CET-131 | C269: Out | D269: 46060 | E269: 6 | F269: Automatic | I269: Ceta | J269: Ceta | K269: Ceta | L269: – | M269: – | N269: – | O269: – | P269: Pc | Q269: 100
A270: 46062.43 | B270: CH-SOL-118 | C270: Out | D270: 46062 | E270: 1 | F270: Printing | I270: Anti Set off spray | J270: Chemical | K270: Solution | L270: – | M270: – | N270: – | O270: – | P270: Pkt | Q270: 3
A271: 46062.43 | B271: M-DHO-165 | C271: Out | D271: 46062 | E271: 10 | F271: Printing | I271: Dhoti | J271: Miscellaneous | K271: Dhoti | L271: – | M271: – | N271: – | O271: – | P271: Pc | Q271: 580
A272: 46062.431 | B272: I-CMY-062 | C272: Out | D272: 46062 | E272: 2 | F272: Printing | I272: Universal Plus Cyan Ink | J272: Ink | K272: Cmyk | L272: – | M272: – | N272: Cyan | O272: Offset | P272: Kg | Q272: 10
A273: 46062.449 | B273: P-SBS-028 | C273: Out | D273: 46062 | E273: 800 | F273: Cutting | G273: 530 | I273: Sbs Paper 25X35 400Gsm Cream | J273: Paper | K273: Sbs Paper | L273: 25X35 | M273: 400Gsm | N273: Cream | O273: – | P273: Sheet | Q273: 0
A274: 46062.463 | B274: POW-POW-193 | C274: In | D274: 46060 | E274: 15 | F274: Store | I274: Decoating Powder | J274: Powder | K274: Powder | L274: – | M274: – | N274: – | O274: – | P274: Pkt | Q274: 25
A275: 46062.464 | B275: C-COA-194 | C275: In | D275: 46060 | E275: 1 | F275: Store | I275: A1 Emulsion Coating Green | J275: Coating | K275: Coating | L275: – | M275: – | N275: – | O275: – | P275: Kg | Q275: 2
A276: 46062.5 | B276: A-TAP-195 | C276: In | D276: 46062 | E276: 3 | F276: Store | I276: At 1/65 Self Adhsevise Tape Transparet | J276: Adhesive | K276: Tape | L276: 24mm | M276: – | N276: – | O276: Trasnparet | P276: Pc | Q276: 6
...

Sheet Sheet30

Sheet Stock Image
A1: =IFERROR(__xludf.DUMMYFUNCTION("QUERY('Item List'!A:J, ""SELECT A, B, I WHERE B != 'Paper' LABEL A 'Item Name', B 'Category', I 'SKU Code'"", 1)"),"Item Name") -> Item Name | B1: =IFERROR(__xludf.DUMMYFUNCTION("""COMPUTED_VALUE"""),"Category") -> Category | C1: =IFERROR(__xludf.DUMMYFUNCTION("""COMPUTED_VALUE"""),"SKU Code") -> SKU Code | D1: Image | E1: Sku Stock
A2: =IFERROR(__xludf.DUMMYFUNCTION("""COMPUTED_VALUE"""),"Universal Plus Black Ink") -> Universal Plus Black Ink | B2: =IFERROR(__xludf.DUMMYFUNCTION("""COMPUTED_VALUE"""),"Ink") -> Ink | C2: =IFERROR(__xludf.DUMMYFUNCTION("""COMPUTED_VALUE"""),"I-CMY-061") -> I-CMY-061 | D2: =IF(COUNTIF('Form responses 4'!B:B,C2)>0, "", "https://docs.google.com/forms/d/e/1FAIpQLSdhNamFeglgVtt555M7xM7e8ZAg9KCWMEcDlLzX1oeZsyGxrg/viewform?usp=pp_url&entry.580385001="&C2&"&entry.1376952895="&A2) | E2: =IFERROR(IF(C2<>"",VLOOKUP(C2,IMS!$A$2:$E1000,5,0),""),"") -> 16
A3: =IFERROR(__xludf.DUMMYFUNCTION("""COMPUTED_VALUE"""),"Universal Plus Cyan Ink") -> Universal Plus Cyan Ink | B3: =IFERROR(__xludf.DUMMYFUNCTION("""COMPUTED_VALUE"""),"Ink") -> Ink | C3: =IFERROR(__xludf.DUMMYFUNCTION("""COMPUTED_VALUE"""),"I-CMY-062") -> I-CMY-062 | D3: =IF(COUNTIF('Form responses 4'!B:B,C3)>0, "", "https://docs.google.com/forms/d/e/1FAIpQLSdhNamFeglgVtt555M7xM7e8ZAg9KCWMEcDlLzX1oeZsyGxrg/viewform?usp=pp_url&entry.580385001="&C3&"&entry.1376952895="&A3) | E3: =IFERROR(IF(C3<>"",VLOOKUP(C3,IMS!$A$2:$E1000,5,0),""),"") -> 10
A4: =IFERROR(__xludf.DUMMYFUNCTION("""COMPUTED_VALUE"""),"Universal Plus Magenta") -> Universal Plus Magenta | B4: =IFERROR(__xludf.DUMMYFUNCTION("""COMPUTED_VALUE"""),"Ink") -> Ink | C4: =IFERROR(__xludf.DUMMYFUNCTION("""COMPUTED_VALUE"""),"I-CMY-063") -> I-CMY-063 | D4: =IF(COUNTIF('Form responses 4'!B:B,C4)>0, "", "https://docs.google.com/forms/d/e/1FAIpQLSdhNamFeglgVtt555M7xM7e8ZAg9KCWMEcDlLzX1oeZsyGxrg/viewform?usp=pp_url&entry.580385001="&C4&"&entry.1376952895="&A4) | E4: =IFERROR(IF(C4<>"",VLOOKUP(C4,IMS!$A$2:$E1000,5,0),""),"") -> 10
A5: =IFERROR(__xludf.DUMMYFUNCTION("""COMPUTED_VALUE"""),"Universal Plus Yellow") -> Universal Plus Yellow | B5: =IFERROR(__xludf.DUMMYFUNCTION("""COMPUTED_VALUE"""),"Ink") -> Ink | C5: =IFERROR(__xludf.DUMMYFUNCTION("""COMPUTED_VALUE"""),"I-CMY-064") -> I-CMY-064 | D5: =IF(COUNTIF('Form responses 4'!B:B,C5)>0, "", "https://docs.google.com/forms/d/e/1FAIpQLSdhNamFeglgVtt555M7xM7e8ZAg9KCWMEcDlLzX1oeZsyGxrg/viewform?usp=pp_url&entry.580385001="&C5&"&entry.1376952895="&A5) | E5: =IFERROR(IF(C5<>"",VLOOKUP(C5,IMS!$A$2:$E1000,5,0),""),"") -> 6
A6: =IFERROR(__xludf.DUMMYFUNCTION("""COMPUTED_VALUE"""),"InstaCure 501 Flashdry Led Pr Black") -> InstaCure 501 Flashdry Led Pr Black | B6: =IFERROR(__xludf.DUMMYFUNCTION("""COMPUTED_VALUE"""),"Ink") -> Ink | C6: =IFERROR(__xludf.DUMMYFUNCTION("""COMPUTED_VALUE"""),"I-CMY-065") -> I-CMY-065 | D6: =IF(COUNTIF('Form responses 4'!B:B,C6)>0, "", "https://docs.google.com/forms/d/e/1FAIpQLSdhNamFeglgVtt555M7xM7e8ZAg9KCWMEcDlLzX1oeZsyGxrg/viewform?usp=pp_url&entry.580385001="&C6&"&entry.1376952895="&A6) -> https://docs.google.com/forms/d/e/1FAIpQLSdhNamFeglgVtt555M7xM7e8ZAg9KCWMEcDlLzX1oeZsyGxrg/viewform?usp=pp_url&entry.580385001=I-CMY-065&entry.1376952895=InstaCure 501 Flashdry Led Pr Black | E6: =IFERROR(IF(C6<>"",VLOOKUP(C6,IMS!$A$2:$E1000,5,0),""),"") -> 0
A7: =IFERROR(__xludf.DUMMYFUNCTION("""COMPUTED_VALUE"""),"InstaCure 501 Flashdry Led Pr White") -> InstaCure 501 Flashdry Led Pr White | B7: =IFERROR(__xludf.DUMMYFUNCTION("""COMPUTED_VALUE"""),"Ink") -> Ink | C7: =IFERROR(__xludf.DUMMYFUNCTION("""COMPUTED_VALUE"""),"I-CMY-066") -> I-CMY-066 | D7: =IF(COUNTIF('Form responses 4'!B:B,C7)>0, "", "https://docs.google.com/forms/d/e/1FAIpQLSdhNamFeglgVtt555M7xM7e8ZAg9KCWMEcDlLzX1oeZsyGxrg/viewform?usp=pp_url&entry.580385001="&C7&"&entry.1376952895="&A7) -> https://docs.google.com/forms/d/e/1FAIpQLSdhNamFeglgVtt555M7xM7e8ZAg9KCWMEcDlLzX1oeZsyGxrg/viewform?usp=pp_url&entry.580385001=I-CMY-066&entry.1376952895=InstaCure 501 Flashdry Led Pr White | E7: =IFERROR(IF(C7<>"",VLOOKUP(C7,IMS!$A$2:$E1000,5,0),""),"") -> 0
A8: =IFERROR(__xludf.DUMMYFUNCTION("""COMPUTED_VALUE"""),"InstaCure 501 Flashdry Led Pr Magenta") -> InstaCure 501 Flashdry Led Pr Magenta | B8: =IFERROR(__xludf.DUMMYFUNCTION("""COMPUTED_VALUE"""),"Ink") -> Ink | C8: =IFERROR(__xludf.DUMMYFUNCTION("""COMPUTED_VALUE"""),"I-CMY-067") -> I-CMY-067 | D8: =IF(COUNTIF('Form responses 4'!B:B,C8)>0, "", "https://docs.google.com/forms/d/e/1FAIpQLSdhNamFeglgVtt555M7xM7e8ZAg9KCWMEcDlLzX1oeZsyGxrg/viewform?usp=pp_url&entry.580385001="&C8&"&entry.1376952895="&A8) -> https://docs.google.com/forms/d/e/1FAIpQLSdhNamFeglgVtt555M7xM7e8ZAg9KCWMEcDlLzX1oeZsyGxrg/viewform?usp=pp_url&entry.580385001=I-CMY-067&entry.1376952895=InstaCure 501 Flashdry Led Pr Magenta | E8: =IFERROR(IF(C8<>"",VLOOKUP(C8,IMS!$A$2:$E1000,5,0),""),"") -> 1
A9: =IFERROR(__xludf.DUMMYFUNCTION("""COMPUTED_VALUE"""),"InstaCure 501 Flashdry Led Pr Yellow") -> InstaCure 501 Flashdry Led Pr Yellow | B9: =IFERROR(__xludf.DUMMYFUNCTION("""COMPUTED_VALUE"""),"Ink") -> Ink | C9: =IFERROR(__xludf.DUMMYFUNCTION("""COMPUTED_VALUE"""),"I-CMY-068") -> I-CMY-068 | D9: =IF(COUNTIF('Form responses 4'!B:B,C9)>0, "", "https://docs.google.com/forms/d/e/1FAIpQLSdhNamFeglgVtt555M7xM7e8ZAg9KCWMEcDlLzX1oeZsyGxrg/viewform?usp=pp_url&entry.580385001="&C9&"&entry.1376952895="&A9) -> https://docs.google.com/forms/d/e/1FAIpQLSdhNamFeglgVtt555M7xM7e8ZAg9KCWMEcDlLzX1oeZsyGxrg/viewform?usp=pp_url&entry.580385001=I-CMY-068&entry.1376952895=InstaCure 501 Flashdry Led Pr Yellow | E9: =IFERROR(IF(C9<>"",VLOOKUP(C9,IMS!$A$2:$E1000,5,0),""),"") -> 1
A10: =IFERROR(__xludf.DUMMYFUNCTION("""COMPUTED_VALUE"""),"InstaCure 501 Flashdry Led - Pr Cyan") -> InstaCure 501 Flashdry Led - Pr Cyan | B10: =IFERROR(__xludf.DUMMYFUNCTION("""COMPUTED_VALUE"""),"Ink") -> Ink | C10: =IFERROR(__xludf.DUMMYFUNCTION("""COMPUTED_VALUE"""),"I-CMY-069") -> I-CMY-069 | D10: =IF(COUNTIF('Form responses 4'!B:B,C10)>0, "", "https://docs.google.com/forms/d/e/1FAIpQLSdhNamFeglgVtt555M7xM7e8ZAg9KCWMEcDlLzX1oeZsyGxrg/viewform?usp=pp_url&entry.580385001="&C10&"&entry.1376952895="&A10) -> https://docs.google.com/forms/d/e/1FAIpQLSdhNamFeglgVtt555M7xM7e8ZAg9KCWMEcDlLzX1oeZsyGxrg/viewform?usp=pp_url&entry.580385001=I-CMY-069&entry.1376952895=InstaCure 501 Flashdry Led - Pr Cyan | E10: =IFERROR(IF(C10<>"",VLOOKUP(C10,IMS!$A$2:$E1000,5,0),""),"") -> 1
A11: =IFERROR(__xludf.DUMMYFUNCTION("""COMPUTED_VALUE"""),"Sicura Smartcure Uv - Led Pr Cyan") -> Sicura Smartcure Uv - Led Pr Cyan | B11: =IFERROR(__xludf.DUMMYFUNCTION("""COMPUTED_VALUE"""),"Ink") -> Ink | C11: =IFERROR(__xludf.DUMMYFUNCTION("""COMPUTED_VALUE"""),"I-CMY-070") -> I-CMY-070 | D11: =IF(COUNTIF('Form responses 4'!B:B,C11)>0, "", "https://docs.google.com/forms/d/e/1FAIpQLSdhNamFeglgVtt555M7xM7e8ZAg9KCWMEcDlLzX1oeZsyGxrg/viewform?usp=pp_url&entry.580385001="&C11&"&entry.1376952895="&A11) -> https://docs.google.com/forms/d/e/1FAIpQLSdhNamFeglgVtt555M7xM7e8ZAg9KCWMEcDlLzX1oeZsyGxrg/viewform?usp=pp_url&entry.580385001=I-CMY-070&entry.1376952895=Sicura Smartcure Uv - Led Pr Cyan | E11: =IFERROR(IF(C11<>"",VLOOKUP(C11,IMS!$A$2:$E1000,5,0),""),"") -> 3
A12: =IFERROR(__xludf.DUMMYFUNCTION("""COMPUTED_VALUE"""),"Sicura Smartcure Uv - Led Pr Magenta") -> Sicura Smartcure Uv - Led Pr Magenta | B12: =IFERROR(__xludf.DUMMYFUNCTION("""COMPUTED_VALUE"""),"Ink") -> Ink | C12: =IFERROR(__xludf.DUMMYFUNCTION("""COMPUTED_VALUE"""),"I-CMY-071") -> I-CMY-071 | D12: =IF(COUNTIF('Form responses 4'!B:B,C12)>0, "", "https://docs.google.com/forms/d/e/1FAIpQLSdhNamFeglgVtt555M7xM7e8ZAg9KCWMEcDlLzX1oeZsyGxrg/viewform?usp=pp_url&entry.580385001="&C12&"&entry.1376952895="&A12) -> https://docs.google.com/forms/d/e/1FAIpQLSdhNamFeglgVtt555M7xM7e8ZAg9KCWMEcDlLzX1oeZsyGxrg/viewform?usp=pp_url&entry.580385001=I-CMY-071&entry.1376952895=Sicura Smartcure Uv - Led Pr Magenta | E12: =IFERROR(IF(C12<>"",VLOOKUP(C12,IMS!$A$2:$E1000,5,0),""),"") -> 0
A13: =IFERROR(__xludf.DUMMYFUNCTION("""COMPUTED_VALUE"""),"Sicura Smartcure Uv - Led Pr Yellow") -> Sicura Smartcure Uv - Led Pr Yellow | B13: =IFERROR(__xludf.DUMMYFUNCTION("""COMPUTED_VALUE"""),"Ink") -> Ink | C13: =IFERROR(__xludf.DUMMYFUNCTION("""COMPUTED_VALUE"""),"I-CMY-072") -> I-CMY-072 | D13: =IF(COUNTIF('Form responses 4'!B:B,C13)>0, "", "https://docs.google.com/forms/d/e/1FAIpQLSdhNamFeglgVtt555M7xM7e8ZAg9KCWMEcDlLzX1oeZsyGxrg/viewform?usp=pp_url&entry.580385001="&C13&"&entry.1376952895="&A13) -> https://docs.google.com/forms/d/e/1FAIpQLSdhNamFeglgVtt555M7xM7e8ZAg9KCWMEcDlLzX1oeZsyGxrg/viewform?usp=pp_url&entry.580385001=I-CMY-072&entry.1376952895=Sicura Smartcure Uv - Led Pr Yellow | E13: =IFERROR(IF(C13<>"",VLOOKUP(C13,IMS!$A$2:$E1000,5,0),""),"") -> 0
A14: =IFERROR(__xludf.DUMMYFUNCTION("""COMPUTED_VALUE"""),"Sicura Smartcure Uv - Led Pr Black") -> Sicura Smartcure Uv - Led Pr Black | B14: =IFERROR(__xludf.DUMMYFUNCTION("""COMPUTED_VALUE"""),"Ink") -> Ink | C14: =IFERROR(__xludf.DUMMYFUNCTION("""COMPUTED_VALUE"""),"I-CMY-073") -> I-CMY-073 | D14: =IF(COUNTIF('Form responses 4'!B:B,C14)>0, "", "https://docs.google.com/forms/d/e/1FAIpQLSdhNamFeglgVtt555M7xM7e8ZAg9KCWMEcDlLzX1oeZsyGxrg/viewform?usp=pp_url&entry.580385001="&C14&"&entry.1376952895="&A14) -> https://docs.google.com/forms/d/e/1FAIpQLSdhNamFeglgVtt555M7xM7e8ZAg9KCWMEcDlLzX1oeZsyGxrg/viewform?usp=pp_url&entry.580385001=I-CMY-073&entry.1376952895=Sicura Smartcure Uv - Led Pr Black | E14: =IFERROR(IF(C14<>"",VLOOKUP(C14,IMS!$A$2:$E1000,5,0),""),"") -> 0
A15: =IFERROR(__xludf.DUMMYFUNCTION("""COMPUTED_VALUE"""),"Pan 520c") -> Pan 520c | B15: =IFERROR(__xludf.DUMMYFUNCTION("""COMPUTED_VALUE"""),"Ink") -> Ink | C15: =IFERROR(__xludf.DUMMYFUNCTION("""COMPUTED_VALUE"""),"I-PAN-074") -> I-PAN-074 | D15: =IF(COUNTIF('Form responses 4'!B:B,C15)>0, "", "https://docs.google.com/forms/d/e/1FAIpQLSdhNamFeglgVtt555M7xM7e8ZAg9KCWMEcDlLzX1oeZsyGxrg/viewform?usp=pp_url&entry.580385001="&C15&"&entry.1376952895="&A15) -> https://docs.google.com/forms/d/e/1FAIpQLSdhNamFeglgVtt555M7xM7e8ZAg9KCWMEcDlLzX1oeZsyGxrg/viewform?usp=pp_url&entry.580385001=I-PAN-074&entry.1376952895=Pan 520c | E15: =IFERROR(IF(C15<>"",VLOOKUP(C15,IMS!$A$2:$E1000,5,0),""),"") -> 2
A16: =IFERROR(__xludf.DUMMYFUNCTION("""COMPUTED_VALUE"""),"Pan 1777c") -> Pan 1777c | B16: =IFERROR(__xludf.DUMMYFUNCTION("""COMPUTED_VALUE"""),"Ink") -> Ink | C16: =IFERROR(__xludf.DUMMYFUNCTION("""COMPUTED_VALUE"""),"I-PAN-075") -> I-PAN-075 | D16: =IF(COUNTIF('Form responses 4'!B:B,C16)>0, "", "https://docs.google.com/forms/d/e/1FAIpQLSdhNamFeglgVtt555M7xM7e8ZAg9KCWMEcDlLzX1oeZsyGxrg/viewform?usp=pp_url&entry.580385001="&C16&"&entry.1376952895="&A16) -> https://docs.google.com/forms/d/e/1FAIpQLSdhNamFeglgVtt555M7xM7e8ZAg9KCWMEcDlLzX1oeZsyGxrg/viewform?usp=pp_url&entry.580385001=I-PAN-075&entry.1376952895=Pan 1777c | E16: =IFERROR(IF(C16<>"",VLOOKUP(C16,IMS!$A$2:$E1000,5,0),""),"") -> 1
A17: =IFERROR(__xludf.DUMMYFUNCTION("""COMPUTED_VALUE"""),"Pan 295c") -> Pan 295c | B17: =IFERROR(__xludf.DUMMYFUNCTION("""COMPUTED_VALUE"""),"Ink") -> Ink | C17: =IFERROR(__xludf.DUMMYFUNCTION("""COMPUTED_VALUE"""),"I-PAN-076") -> I-PAN-076 | D17: =IF(COUNTIF('Form responses 4'!B:B,C17)>0, "", "https://docs.google.com/forms/d/e/1FAIpQLSdhNamFeglgVtt555M7xM7e8ZAg9KCWMEcDlLzX1oeZsyGxrg/viewform?usp=pp_url&entry.580385001="&C17&"&entry.1376952895="&A17) -> https://docs.google.com/forms/d/e/1FAIpQLSdhNamFeglgVtt555M7xM7e8ZAg9KCWMEcDlLzX1oeZsyGxrg/viewform?usp=pp_url&entry.580385001=I-PAN-076&entry.1376952895=Pan 295c | E17: =IFERROR(IF(C17<>"",VLOOKUP(C17,IMS!$A$2:$E1000,5,0),""),"") -> 8
A18: =IFERROR(__xludf.DUMMYFUNCTION("""COMPUTED_VALUE"""),"Pan 429c") -> Pan 429c | B18: =IFERROR(__xludf.DUMMYFUNCTION("""COMPUTED_VALUE"""),"Ink") -> Ink | C18: =IFERROR(__xludf.DUMMYFUNCTION("""COMPUTED_VALUE"""),"I-PAN-077") -> I-PAN-077 | D18: =IF(COUNTIF('Form responses 4'!B:B,C18)>0, "", "https://docs.google.com/forms/d/e/1FAIpQLSdhNamFeglgVtt555M7xM7e8ZAg9KCWMEcDlLzX1oeZsyGxrg/viewform?usp=pp_url&entry.580385001="&C18&"&entry.1376952895="&A18) -> https://docs.google.com/forms/d/e/1FAIpQLSdhNamFeglgVtt555M7xM7e8ZAg9KCWMEcDlLzX1oeZsyGxrg/viewform?usp=pp_url&entry.580385001=I-PAN-077&entry.1376952895=Pan 429c | E18: =IFERROR(IF(C18<>"",VLOOKUP(C18,IMS!$A$2:$E1000,5,0),""),"") -> 1
A19: =IFERROR(__xludf.DUMMYFUNCTION("""COMPUTED_VALUE"""),"Pan 326c") -> Pan 326c | B19: =IFERROR(__xludf.DUMMYFUNCTION("""COMPUTED_VALUE"""),"Ink") -> Ink | C19: =IFERROR(__xludf.DUMMYFUNCTION("""COMPUTED_VALUE"""),"I-PAN-078") -> I-PAN-078 | D19: =IF(COUNTIF('Form responses 4'!B:B,C19)>0, "", "https://docs.google.com/forms/d/e/1FAIpQLSdhNamFeglgVtt555M7xM7e8ZAg9KCWMEcDlLzX1oeZsyGxrg/viewform?usp=pp_url&entry.580385001="&C19&"&entry.1376952895="&A19) -> https://docs.google.com/forms/d/e/1FAIpQLSdhNamFeglgVtt555M7xM7e8ZAg9KCWMEcDlLzX1oeZsyGxrg/viewform?usp=pp_url&entry.580385001=I-PAN-078&entry.1376952895=Pan 326c | E19: =IFERROR(IF(C19<>"",VLOOKUP(C19,IMS!$A$2:$E1000,5,0),""),"") -> 1
A20: =IFERROR(__xludf.DUMMYFUNCTION("""COMPUTED_VALUE"""),"Pan 7505c") -> Pan 7505c | B20: =IFERROR(__xludf.DUMMYFUNCTION("""COMPUTED_VALUE"""),"Ink") -> Ink | C20: =IFERROR(__xludf.DUMMYFUNCTION("""COMPUTED_VALUE"""),"I-PAN-079") -> I-PAN-079 | D20: =IF(COUNTIF('Form responses 4'!B:B,C20)>0, "", "https://docs.google.com/forms/d/e/1FAIpQLSdhNamFeglgVtt555M7xM7e8ZAg9KCWMEcDlLzX1oeZsyGxrg/viewform?usp=pp_url&entry.580385001="&C20&"&entry.1376952895="&A20) -> https://docs.google.com/forms/d/e/1FAIpQLSdhNamFeglgVtt555M7xM7e8ZAg9KCWMEcDlLzX1oeZsyGxrg/viewform?usp=pp_url&entry.580385001=I-PAN-079&entry.1376952895=Pan 7505c | E20: =IFERROR(IF(C20<>"",VLOOKUP(C20,IMS!$A$2:$E1000,5,0),""),"") -> 1
A21: =IFERROR(__xludf.DUMMYFUNCTION("""COMPUTED_VALUE"""),"Pan 185c") -> Pan 185c | B21: =IFERROR(__xludf.DUMMYFUNCTION("""COMPUTED_VALUE"""),"Ink") -> Ink | C21: =IFERROR(__xludf.DUMMYFUNCTION("""COMPUTED_VALUE"""),"I-PAN-080") -> I-PAN-080 | D21: =IF(COUNTIF('Form responses 4'!B:B,C21)>0, "", "https://docs.google.com/forms/d/e/1FAIpQLSdhNamFeglgVtt555M7xM7e8ZAg9KCWMEcDlLzX1oeZsyGxrg/viewform?usp=pp_url&entry.580385001="&C21&"&entry.1376952895="&A21) -> https://docs.google.com/forms/d/e/1FAIpQLSdhNamFeglgVtt555M7xM7e8ZAg9KCWMEcDlLzX1oeZsyGxrg/viewform?usp=pp_url&entry.580385001=I-PAN-080&entry.1376952895=Pan 185c | E21: =IFERROR(IF(C21<>"",VLOOKUP(C21,IMS!$A$2:$E1000,5,0),""),"") -> 2
A22: =IFERROR(__xludf.DUMMYFUNCTION("""COMPUTED_VALUE"""),"Pan 377c") -> Pan 377c | B22: =IFERROR(__xludf.DUMMYFUNCTION("""COMPUTED_VALUE"""),"Ink") -> Ink | C22: =IFERROR(__xludf.DUMMYFUNCTION("""COMPUTED_VALUE"""),"I-PAN-081") -> I-PAN-081 | D22: =IF(COUNTIF('Form responses 4'!B:B,C22)>0, "", "https://docs.google.com/forms/d/e/1FAIpQLSdhNamFeglgVtt555M7xM7e8ZAg9KCWMEcDlLzX1oeZsyGxrg/viewform?usp=pp_url&entry.580385001="&C22&"&entry.1376952895="&A22) -> https://docs.google.com/forms/d/e/1FAIpQLSdhNamFeglgVtt555M7xM7e8ZAg9KCWMEcDlLzX1oeZsyGxrg/viewform?usp=pp_url&entry.580385001=I-PAN-081&entry.1376952895=Pan 377c | E22: =IFERROR(IF(C22<>"",VLOOKUP(C22,IMS!$A$2:$E1000,5,0),""),"") -> 2
A23: =IFERROR(__xludf.DUMMYFUNCTION("""COMPUTED_VALUE"""),"Pan 3125c") -> Pan 3125c | B23: =IFERROR(__xludf.DUMMYFUNCTION("""COMPUTED_VALUE"""),"Ink") -> Ink | C23: =IFERROR(__xludf.DUMMYFUNCTION("""COMPUTED_VALUE"""),"I-PAN-082") -> I-PAN-082 | D23: =IF(COUNTIF('Form responses 4'!B:B,C23)>0, "", "https://docs.google.com/forms/d/e/1FAIpQLSdhNamFeglgVtt555M7xM7e8ZAg9KCWMEcDlLzX1oeZsyGxrg/viewform?usp=pp_url&entry.580385001="&C23&"&entry.1376952895="&A23) -> https://docs.google.com/forms/d/e/1FAIpQLSdhNamFeglgVtt555M7xM7e8ZAg9KCWMEcDlLzX1oeZsyGxrg/viewform?usp=pp_url&entry.580385001=I-PAN-082&entry.1376952895=Pan 3125c | E23: =IFERROR(IF(C23<>"",VLOOKUP(C23,IMS!$A$2:$E1000,5,0),""),"") -> 1
A24: =IFERROR(__xludf.DUMMYFUNCTION("""COMPUTED_VALUE"""),"Pan 021c") -> Pan 021c | B24: =IFERROR(__xludf.DUMMYFUNCTION("""COMPUTED_VALUE"""),"Ink") -> Ink | C24: =IFERROR(__xludf.DUMMYFUNCTION("""COMPUTED_VALUE"""),"I-PAN-083") -> I-PAN-083 | D24: =IF(COUNTIF('Form responses 4'!B:B,C24)>0, "", "https://docs.google.com/forms/d/e/1FAIpQLSdhNamFeglgVtt555M7xM7e8ZAg9KCWMEcDlLzX1oeZsyGxrg/viewform?usp=pp_url&entry.580385001="&C24&"&entry.1376952895="&A24) -> https://docs.google.com/forms/d/e/1FAIpQLSdhNamFeglgVtt555M7xM7e8ZAg9KCWMEcDlLzX1oeZsyGxrg/viewform?usp=pp_url&entry.580385001=I-PAN-083&entry.1376952895=Pan 021c | E24: =IFERROR(IF(C24<>"",VLOOKUP(C24,IMS!$A$2:$E1000,5,0),""),"") -> 5
A25: =IFERROR(__xludf.DUMMYFUNCTION("""COMPUTED_VALUE"""),"O/S jss Orange") -> O/S jss Orange | B25: =IFERROR(__xludf.DUMMYFUNCTION("""COMPUTED_VALUE"""),"Ink") -> Ink | C25: =IFERROR(__xludf.DUMMYFUNCTION("""COMPUTED_VALUE"""),"I-PAN-084") -> I-PAN-084 | D25: =IF(COUNTIF('Form responses 4'!B:B,C25)>0, "", "https://docs.google.com/forms/d/e/1FAIpQLSdhNamFeglgVtt555M7xM7e8ZAg9KCWMEcDlLzX1oeZsyGxrg/viewform?usp=pp_url&entry.580385001="&C25&"&entry.1376952895="&A25) -> https://docs.google.com/forms/d/e/1FAIpQLSdhNamFeglgVtt555M7xM7e8ZAg9KCWMEcDlLzX1oeZsyGxrg/viewform?usp=pp_url&entry.580385001=I-PAN-084&entry.1376952895=O/S jss Orange | E25: =IFERROR(IF(C25<>"",VLOOKUP(C25,IMS!$A$2:$E1000,5,0),""),"") -> 0
A26: =IFERROR(__xludf.DUMMYFUNCTION("""COMPUTED_VALUE"""),"Biocon Red") -> Biocon Red | B26: =IFERROR(__xludf.DUMMYFUNCTION("""COMPUTED_VALUE"""),"Ink") -> Ink | C26: =IFERROR(__xludf.DUMMYFUNCTION("""COMPUTED_VALUE"""),"I-PAN-085") -> I-PAN-085 | D26: =IF(COUNTIF('Form responses 4'!B:B,C26)>0, "", "https://docs.google.com/forms/d/e/1FAIpQLSdhNamFeglgVtt555M7xM7e8ZAg9KCWMEcDlLzX1oeZsyGxrg/viewform?usp=pp_url&entry.580385001="&C26&"&entry.1376952895="&A26) -> https://docs.google.com/forms/d/e/1FAIpQLSdhNamFeglgVtt555M7xM7e8ZAg9KCWMEcDlLzX1oeZsyGxrg/viewform?usp=pp_url&entry.580385001=I-PAN-085&entry.1376952895=Biocon Red | E26: =IFERROR(IF(C26<>"",VLOOKUP(C26,IMS!$A$2:$E1000,5,0),""),"") -> 3
A27: =IFERROR(__xludf.DUMMYFUNCTION("""COMPUTED_VALUE"""),"Pan 3262c") -> Pan 3262c | B27: =IFERROR(__xludf.DUMMYFUNCTION("""COMPUTED_VALUE"""),"Ink") -> Ink | C27: =IFERROR(__xludf.DUMMYFUNCTION("""COMPUTED_VALUE"""),"I-PAN-086") -> I-PAN-086 | D27: =IF(COUNTIF('Form responses 4'!B:B,C27)>0, "", "https://docs.google.com/forms/d/e/1FAIpQLSdhNamFeglgVtt555M7xM7e8ZAg9KCWMEcDlLzX1oeZsyGxrg/viewform?usp=pp_url&entry.580385001="&C27&"&entry.1376952895="&A27) -> https://docs.google.com/forms/d/e/1FAIpQLSdhNamFeglgVtt555M7xM7e8ZAg9KCWMEcDlLzX1oeZsyGxrg/viewform?usp=pp_url&entry.580385001=I-PAN-086&entry.1376952895=Pan 3262c | E27: =IFERROR(IF(C27<>"",VLOOKUP(C27,IMS!$A$2:$E1000,5,0),""),"") -> 1
A28: =IFERROR(__xludf.DUMMYFUNCTION("""COMPUTED_VALUE"""),"Pan 188c") -> Pan 188c | B28: =IFERROR(__xludf.DUMMYFUNCTION("""COMPUTED_VALUE"""),"Ink") -> Ink | C28: =IFERROR(__xludf.DUMMYFUNCTION("""COMPUTED_VALUE"""),"I-PAN-087") -> I-PAN-087 | D28: =IF(COUNTIF('Form responses 4'!B:B,C28)>0, "", "https://docs.google.com/forms/d/e/1FAIpQLSdhNamFeglgVtt555M7xM7e8ZAg9KCWMEcDlLzX1oeZsyGxrg/viewform?usp=pp_url&entry.580385001="&C28&"&entry.1376952895="&A28) -> https://docs.google.com/forms/d/e/1FAIpQLSdhNamFeglgVtt555M7xM7e8ZAg9KCWMEcDlLzX1oeZsyGxrg/viewform?usp=pp_url&entry.580385001=I-PAN-087&entry.1376952895=Pan 188c | E28: =IFERROR(IF(C28<>"",VLOOKUP(C28,IMS!$A$2:$E1000,5,0),""),"") -> 1
A29: =IFERROR(__xludf.DUMMYFUNCTION("""COMPUTED_VALUE"""),"Pan 185c") -> Pan 185c | B29: =IFERROR(__xludf.DUMMYFUNCTION("""COMPUTED_VALUE"""),"Ink") -> Ink | C29: =IFERROR(__xludf.DUMMYFUNCTION("""COMPUTED_VALUE"""),"I-PAN-088") -> I-PAN-088 | D29: =IF(COUNTIF('Form responses 4'!B:B,C29)>0, "", "https://docs.google.com/forms/d/e/1FAIpQLSdhNamFeglgVtt555M7xM7e8ZAg9KCWMEcDlLzX1oeZsyGxrg/viewform?usp=pp_url&entry.580385001="&C29&"&entry.1376952895="&A29) -> https://docs.google.com/forms/d/e/1FAIpQLSdhNamFeglgVtt555M7xM7e8ZAg9KCWMEcDlLzX1oeZsyGxrg/viewform?usp=pp_url&entry.580385001=I-PAN-088&entry.1376952895=Pan 185c | E29: =IFERROR(IF(C29<>"",VLOOKUP(C29,IMS!$A$2:$E1000,5,0),""),"") -> 1
A30: =IFERROR(__xludf.DUMMYFUNCTION("""COMPUTED_VALUE"""),"17718|Philips Blue") -> 17718|Philips Blue | B30: =IFERROR(__xludf.DUMMYFUNCTION("""COMPUTED_VALUE"""),"Ink") -> Ink | C30: =IFERROR(__xludf.DUMMYFUNCTION("""COMPUTED_VALUE"""),"I-PAN-089") -> I-PAN-089 | D30: =IF(COUNTIF('Form responses 4'!B:B,C30)>0, "", "https://docs.google.com/forms/d/e/1FAIpQLSdhNamFeglgVtt555M7xM7e8ZAg9KCWMEcDlLzX1oeZsyGxrg/viewform?usp=pp_url&entry.580385001="&C30&"&entry.1376952895="&A30) -> https://docs.google.com/forms/d/e/1FAIpQLSdhNamFeglgVtt555M7xM7e8ZAg9KCWMEcDlLzX1oeZsyGxrg/viewform?usp=pp_url&entry.580385001=I-PAN-089&entry.1376952895=17718|Philips Blue | E30: =IFERROR(IF(C30<>"",VLOOKUP(C30,IMS!$A$2:$E1000,5,0),""),"") -> 1
A31: =IFERROR(__xludf.DUMMYFUNCTION("""COMPUTED_VALUE"""),"Kajal Red") -> Kajal Red | B31: =IFERROR(__xludf.DUMMYFUNCTION("""COMPUTED_VALUE"""),"Ink") -> Ink | C31: =IFERROR(__xludf.DUMMYFUNCTION("""COMPUTED_VALUE"""),"I-PAN-090") -> I-PAN-090 | D31: =IF(COUNTIF('Form responses 4'!B:B,C31)>0, "", "https://docs.google.com/forms/d/e/1FAIpQLSdhNamFeglgVtt555M7xM7e8ZAg9KCWMEcDlLzX1oeZsyGxrg/viewform?usp=pp_url&entry.580385001="&C31&"&entry.1376952895="&A31) -> https://docs.google.com/forms/d/e/1FAIpQLSdhNamFeglgVtt555M7xM7e8ZAg9KCWMEcDlLzX1oeZsyGxrg/viewform?usp=pp_url&entry.580385001=I-PAN-090&entry.1376952895=Kajal Red | E31: =IFERROR(IF(C31<>"",VLOOKUP(C31,IMS!$A$2:$E1000,5,0),""),"") -> 1
A32: =IFERROR(__xludf.DUMMYFUNCTION("""COMPUTED_VALUE"""),"Hans Hotel Dar Brown") -> Hans Hotel Dar Brown | B32: =IFERROR(__xludf.DUMMYFUNCTION("""COMPUTED_VALUE"""),"Ink") -> Ink | C32: =IFERROR(__xludf.DUMMYFUNCTION("""COMPUTED_VALUE"""),"I-PAN-091") -> I-PAN-091 | D32: =IF(COUNTIF('Form responses 4'!B:B,C32)>0, "", "https://docs.google.com/forms/d/e/1FAIpQLSdhNamFeglgVtt555M7xM7e8ZAg9KCWMEcDlLzX1oeZsyGxrg/viewform?usp=pp_url&entry.580385001="&C32&"&entry.1376952895="&A32) -> https://docs.google.com/forms/d/e/1FAIpQLSdhNamFeglgVtt555M7xM7e8ZAg9KCWMEcDlLzX1oeZsyGxrg/viewform?usp=pp_url&entry.580385001=I-PAN-091&entry.1376952895=Hans Hotel Dar Brown | E32: =IFERROR(IF(C32<>"",VLOOKUP(C32,IMS!$A$2:$E1000,5,0),""),"") -> 1
A33: =IFERROR(__xludf.DUMMYFUNCTION("""COMPUTED_VALUE"""),"Pan 2088c|Rosemarry matter") -> Pan 2088c|Rosemarry matter | B33: =IFERROR(__xludf.DUMMYFUNCTION("""COMPUTED_VALUE"""),"Ink") -> Ink | C33: =IFERROR(__xludf.DUMMYFUNCTION("""COMPUTED_VALUE"""),"I-PAN-092") -> I-PAN-092 | D33: =IF(COUNTIF('Form responses 4'!B:B,C33)>0, "", "https://docs.google.com/forms/d/e/1FAIpQLSdhNamFeglgVtt555M7xM7e8ZAg9KCWMEcDlLzX1oeZsyGxrg/viewform?usp=pp_url&entry.580385001="&C33&"&entry.1376952895="&A33) -> https://docs.google.com/forms/d/e/1FAIpQLSdhNamFeglgVtt555M7xM7e8ZAg9KCWMEcDlLzX1oeZsyGxrg/viewform?usp=pp_url&entry.580385001=I-PAN-092&entry.1376952895=Pan 2088c|Rosemarry matter | E33: =IFERROR(IF(C33<>"",VLOOKUP(C33,IMS!$A$2:$E1000,5,0),""),"") -> 2
A34: =IFERROR(__xludf.DUMMYFUNCTION("""COMPUTED_VALUE"""),"Pan 2085c|Rosemarry ground") -> Pan 2085c|Rosemarry ground | B34: =IFERROR(__xludf.DUMMYFUNCTION("""COMPUTED_VALUE"""),"Ink") -> Ink | C34: =IFERROR(__xludf.DUMMYFUNCTION("""COMPUTED_VALUE"""),"I-PAN-093") -> I-PAN-093 | D34: =IF(COUNTIF('Form responses 4'!B:B,C34)>0, "", "https://docs.google.com/forms/d/e/1FAIpQLSdhNamFeglgVtt555M7xM7e8ZAg9KCWMEcDlLzX1oeZsyGxrg/viewform?usp=pp_url&entry.580385001="&C34&"&entry.1376952895="&A34) -> https://docs.google.com/forms/d/e/1FAIpQLSdhNamFeglgVtt555M7xM7e8ZAg9KCWMEcDlLzX1oeZsyGxrg/viewform?usp=pp_url&entry.580385001=I-PAN-093&entry.1376952895=Pan 2085c|Rosemarry ground | E34: =IFERROR(IF(C34<>"",VLOOKUP(C34,IMS!$A$2:$E1000,5,0),""),"") -> 6
A35: =IFERROR(__xludf.DUMMYFUNCTION("""COMPUTED_VALUE"""),"Oshea box buff") -> Oshea box buff | B35: =IFERROR(__xludf.DUMMYFUNCTION("""COMPUTED_VALUE"""),"Ink") -> Ink | C35: =IFERROR(__xludf.DUMMYFUNCTION("""COMPUTED_VALUE"""),"I-PAN-094") -> I-PAN-094 | D35: =IF(COUNTIF('Form responses 4'!B:B,C35)>0, "", "https://docs.google.com/forms/d/e/1FAIpQLSdhNamFeglgVtt555M7xM7e8ZAg9KCWMEcDlLzX1oeZsyGxrg/viewform?usp=pp_url&entry.580385001="&C35&"&entry.1376952895="&A35) -> https://docs.google.com/forms/d/e/1FAIpQLSdhNamFeglgVtt555M7xM7e8ZAg9KCWMEcDlLzX1oeZsyGxrg/viewform?usp=pp_url&entry.580385001=I-PAN-094&entry.1376952895=Oshea box buff | E35: =IFERROR(IF(C35<>"",VLOOKUP(C35,IMS!$A$2:$E1000,5,0),""),"") -> 0
A36: =IFERROR(__xludf.DUMMYFUNCTION("""COMPUTED_VALUE"""),"Colorosence lip color gold new") -> Colorosence lip color gold new | B36: =IFERROR(__xludf.DUMMYFUNCTION("""COMPUTED_VALUE"""),"Ink") -> Ink | C36: =IFERROR(__xludf.DUMMYFUNCTION("""COMPUTED_VALUE"""),"I-PAN-095") -> I-PAN-095 | D36: =IF(COUNTIF('Form responses 4'!B:B,C36)>0, "", "https://docs.google.com/forms/d/e/1FAIpQLSdhNamFeglgVtt555M7xM7e8ZAg9KCWMEcDlLzX1oeZsyGxrg/viewform?usp=pp_url&entry.580385001="&C36&"&entry.1376952895="&A36) -> https://docs.google.com/forms/d/e/1FAIpQLSdhNamFeglgVtt555M7xM7e8ZAg9KCWMEcDlLzX1oeZsyGxrg/viewform?usp=pp_url&entry.580385001=I-PAN-095&entry.1376952895=Colorosence lip color gold new | E36: =IFERROR(IF(C36<>"",VLOOKUP(C36,IMS!$A$2:$E1000,5,0),""),"") -> 1
A37: =IFERROR(__xludf.DUMMYFUNCTION("""COMPUTED_VALUE"""),"Maxo Bond") -> Maxo Bond | B37: =IFERROR(__xludf.DUMMYFUNCTION("""COMPUTED_VALUE"""),"Ink") -> Ink | C37: =IFERROR(__xludf.DUMMYFUNCTION("""COMPUTED_VALUE"""),"I-PAN-096") -> I-PAN-096 | D37: =IF(COUNTIF('Form responses 4'!B:B,C37)>0, "", "https://docs.google.com/forms/d/e/1FAIpQLSdhNamFeglgVtt555M7xM7e8ZAg9KCWMEcDlLzX1oeZsyGxrg/viewform?usp=pp_url&entry.580385001="&C37&"&entry.1376952895="&A37) -> https://docs.google.com/forms/d/e/1FAIpQLSdhNamFeglgVtt555M7xM7e8ZAg9KCWMEcDlLzX1oeZsyGxrg/viewform?usp=pp_url&entry.580385001=I-PAN-096&entry.1376952895=Maxo Bond | E37: =IFERROR(IF(C37<>"",VLOOKUP(C37,IMS!$A$2:$E1000,5,0),""),"") -> 0
A38: =IFERROR(__xludf.DUMMYFUNCTION("""COMPUTED_VALUE"""),"Pan 252c|Primer") -> Pan 252c|Primer | B38: =IFERROR(__xludf.DUMMYFUNCTION("""COMPUTED_VALUE"""),"Ink") -> Ink | C38: =IFERROR(__xludf.DUMMYFUNCTION("""COMPUTED_VALUE"""),"I-PAN-097") -> I-PAN-097 | D38: =IF(COUNTIF('Form responses 4'!B:B,C38)>0, "", "https://docs.google.com/forms/d/e/1FAIpQLSdhNamFeglgVtt555M7xM7e8ZAg9KCWMEcDlLzX1oeZsyGxrg/viewform?usp=pp_url&entry.580385001="&C38&"&entry.1376952895="&A38) -> https://docs.google.com/forms/d/e/1FAIpQLSdhNamFeglgVtt555M7xM7e8ZAg9KCWMEcDlLzX1oeZsyGxrg/viewform?usp=pp_url&entry.580385001=I-PAN-097&entry.1376952895=Pan 252c|Primer | E38: =IFERROR(IF(C38<>"",VLOOKUP(C38,IMS!$A$2:$E1000,5,0),""),"") -> 2
A39: =IFERROR(__xludf.DUMMYFUNCTION("""COMPUTED_VALUE"""),"Natyres organic orange") -> Natyres organic orange | B39: =IFERROR(__xludf.DUMMYFUNCTION("""COMPUTED_VALUE"""),"Ink") -> Ink | C39: =IFERROR(__xludf.DUMMYFUNCTION("""COMPUTED_VALUE"""),"I-PAN-098") -> I-PAN-098 | D39: =IF(COUNTIF('Form responses 4'!B:B,C39)>0, "", "https://docs.google.com/forms/d/e/1FAIpQLSdhNamFeglgVtt555M7xM7e8ZAg9KCWMEcDlLzX1oeZsyGxrg/viewform?usp=pp_url&entry.580385001="&C39&"&entry.1376952895="&A39) -> https://docs.google.com/forms/d/e/1FAIpQLSdhNamFeglgVtt555M7xM7e8ZAg9KCWMEcDlLzX1oeZsyGxrg/viewform?usp=pp_url&entry.580385001=I-PAN-098&entry.1376952895=Natyres organic orange | E39: =IFERROR(IF(C39<>"",VLOOKUP(C39,IMS!$A$2:$E1000,5,0),""),"") -> 2
A40: =IFERROR(__xludf.DUMMYFUNCTION("""COMPUTED_VALUE"""),"Oshea body wash Gray") -> Oshea body wash Gray | B40: =IFERROR(__xludf.DUMMYFUNCTION("""COMPUTED_VALUE"""),"Ink") -> Ink | C40: =IFERROR(__xludf.DUMMYFUNCTION("""COMPUTED_VALUE"""),"I-PAN-099") -> I-PAN-099 | D40: =IF(COUNTIF('Form responses 4'!B:B,C40)>0, "", "https://docs.google.com/forms/d/e/1FAIpQLSdhNamFeglgVtt555M7xM7e8ZAg9KCWMEcDlLzX1oeZsyGxrg/viewform?usp=pp_url&entry.580385001="&C40&"&entry.1376952895="&A40) -> https://docs.google.com/forms/d/e/1FAIpQLSdhNamFeglgVtt555M7xM7e8ZAg9KCWMEcDlLzX1oeZsyGxrg/viewform?usp=pp_url&entry.580385001=I-PAN-099&entry.1376952895=Oshea body wash Gray | E40: =IFERROR(IF(C40<>"",VLOOKUP(C40,IMS!$A$2:$E1000,5,0),""),"") -> 0
A41: =IFERROR(__xludf.DUMMYFUNCTION("""COMPUTED_VALUE"""),"Uv Led Charger red") -> Uv Led Charger red | B41: =IFERROR(__xludf.DUMMYFUNCTION("""COMPUTED_VALUE"""),"Ink") -> Ink | C41: =IFERROR(__xludf.DUMMYFUNCTION("""COMPUTED_VALUE"""),"I-PAN-100") -> I-PAN-100 | D41: =IF(COUNTIF('Form responses 4'!B:B,C41)>0, "", "https://docs.google.com/forms/d/e/1FAIpQLSdhNamFeglgVtt555M7xM7e8ZAg9KCWMEcDlLzX1oeZsyGxrg/viewform?usp=pp_url&entry.580385001="&C41&"&entry.1376952895="&A41) -> https://docs.google.com/forms/d/e/1FAIpQLSdhNamFeglgVtt555M7xM7e8ZAg9KCWMEcDlLzX1oeZsyGxrg/viewform?usp=pp_url&entry.580385001=I-PAN-100&entry.1376952895=Uv Led Charger red | E41: =IFERROR(IF(C41<>"",VLOOKUP(C41,IMS!$A$2:$E1000,5,0),""),"") -> 4
A42: =IFERROR(__xludf.DUMMYFUNCTION("""COMPUTED_VALUE"""),"Uv Led Multani natural gold") -> Uv Led Multani natural gold | B42: =IFERROR(__xludf.DUMMYFUNCTION("""COMPUTED_VALUE"""),"Ink") -> Ink | C42: =IFERROR(__xludf.DUMMYFUNCTION("""COMPUTED_VALUE"""),"I-PAN-101") -> I-PAN-101 | D42: =IF(COUNTIF('Form responses 4'!B:B,C42)>0, "", "https://docs.google.com/forms/d/e/1FAIpQLSdhNamFeglgVtt555M7xM7e8ZAg9KCWMEcDlLzX1oeZsyGxrg/viewform?usp=pp_url&entry.580385001="&C42&"&entry.1376952895="&A42) -> https://docs.google.com/forms/d/e/1FAIpQLSdhNamFeglgVtt555M7xM7e8ZAg9KCWMEcDlLzX1oeZsyGxrg/viewform?usp=pp_url&entry.580385001=I-PAN-101&entry.1376952895=Uv Led Multani natural gold | E42: =IFERROR(IF(C42<>"",VLOOKUP(C42,IMS!$A$2:$E1000,5,0),""),"") -> 1
A43: =IFERROR(__xludf.DUMMYFUNCTION("""COMPUTED_VALUE"""),"Uv Led Platinum gray") -> Uv Led Platinum gray | B43: =IFERROR(__xludf.DUMMYFUNCTION("""COMPUTED_VALUE"""),"Ink") -> Ink | C43: =IFERROR(__xludf.DUMMYFUNCTION("""COMPUTED_VALUE"""),"I-PAN-102") -> I-PAN-102 | D43: =IF(COUNTIF('Form responses 4'!B:B,C43)>0, "", "https://docs.google.com/forms/d/e/1FAIpQLSdhNamFeglgVtt555M7xM7e8ZAg9KCWMEcDlLzX1oeZsyGxrg/viewform?usp=pp_url&entry.580385001="&C43&"&entry.1376952895="&A43) -> https://docs.google.com/forms/d/e/1FAIpQLSdhNamFeglgVtt555M7xM7e8ZAg9KCWMEcDlLzX1oeZsyGxrg/viewform?usp=pp_url&entry.580385001=I-PAN-102&entry.1376952895=Uv Led Platinum gray | E43: =IFERROR(IF(C43<>"",VLOOKUP(C43,IMS!$A$2:$E1000,5,0),""),"") -> 1
A44: =IFERROR(__xludf.DUMMYFUNCTION("""COMPUTED_VALUE"""),"Uv Led De-tan Light Brown") -> Uv Led De-tan Light Brown | B44: =IFERROR(__xludf.DUMMYFUNCTION("""COMPUTED_VALUE"""),"Ink") -> Ink | C44: =IFERROR(__xludf.DUMMYFUNCTION("""COMPUTED_VALUE"""),"I-PAN-103") -> I-PAN-103 | D44: =IF(COUNTIF('Form responses 4'!B:B,C44)>0, "", "https://docs.google.com/forms/d/e/1FAIpQLSdhNamFeglgVtt555M7xM7e8ZAg9KCWMEcDlLzX1oeZsyGxrg/viewform?usp=pp_url&entry.580385001="&C44&"&entry.1376952895="&A44) -> https://docs.google.com/forms/d/e/1FAIpQLSdhNamFeglgVtt555M7xM7e8ZAg9KCWMEcDlLzX1oeZsyGxrg/viewform?usp=pp_url&entry.580385001=I-PAN-103&entry.1376952895=Uv Led De-tan Light Brown | E44: =IFERROR(IF(C44<>"",VLOOKUP(C44,IMS!$A$2:$E1000,5,0),""),"") -> 1
A45: =IFERROR(__xludf.DUMMYFUNCTION("""COMPUTED_VALUE"""),"Uv Led Gold yellow") -> Uv Led Gold yellow | B45: =IFERROR(__xludf.DUMMYFUNCTION("""COMPUTED_VALUE"""),"Ink") -> Ink | C45: =IFERROR(__xludf.DUMMYFUNCTION("""COMPUTED_VALUE"""),"I-PAN-104") -> I-PAN-104 | D45: =IF(COUNTIF('Form responses 4'!B:B,C45)>0, "", "https://docs.google.com/forms/d/e/1FAIpQLSdhNamFeglgVtt555M7xM7e8ZAg9KCWMEcDlLzX1oeZsyGxrg/viewform?usp=pp_url&entry.580385001="&C45&"&entry.1376952895="&A45) -> https://docs.google.com/forms/d/e/1FAIpQLSdhNamFeglgVtt555M7xM7e8ZAg9KCWMEcDlLzX1oeZsyGxrg/viewform?usp=pp_url&entry.580385001=I-PAN-104&entry.1376952895=Uv Led Gold yellow | E45: =IFERROR(IF(C45<>"",VLOOKUP(C45,IMS!$A$2:$E1000,5,0),""),"") -> 1
A46: =IFERROR(__xludf.DUMMYFUNCTION("""COMPUTED_VALUE"""),"Uv Led Oshea pink") -> Uv Led Oshea pink | B46: =IFERROR(__xludf.DUMMYFUNCTION("""COMPUTED_VALUE"""),"Ink") -> Ink | C46: =IFERROR(__xludf.DUMMYFUNCTION("""COMPUTED_VALUE"""),"I-PAN-105") -> I-PAN-105 | D46: =IF(COUNTIF('Form responses 4'!B:B,C46)>0, "", "https://docs.google.com/forms/d/e/1FAIpQLSdhNamFeglgVtt555M7xM7e8ZAg9KCWMEcDlLzX1oeZsyGxrg/viewform?usp=pp_url&entry.580385001="&C46&"&entry.1376952895="&A46) -> https://docs.google.com/forms/d/e/1FAIpQLSdhNamFeglgVtt555M7xM7e8ZAg9KCWMEcDlLzX1oeZsyGxrg/viewform?usp=pp_url&entry.580385001=I-PAN-105&entry.1376952895=Uv Led Oshea pink | E46: =IFERROR(IF(C46<>"",VLOOKUP(C46,IMS!$A$2:$E1000,5,0),""),"") -> 1
A47: =IFERROR(__xludf.DUMMYFUNCTION("""COMPUTED_VALUE"""),"Gloss Op Link (Print Lack)") -> Gloss Op Link (Print Lack) | B47: =IFERROR(__xludf.DUMMYFUNCTION("""COMPUTED_VALUE"""),"Coating") -> Coating | C47: =IFERROR(__xludf.DUMMYFUNCTION("""COMPUTED_VALUE"""),"C-COA-106") -> C-COA-106 | D47: =IF(COUNTIF('Form responses 4'!B:B,C47)>0, "", "https://docs.google.com/forms/d/e/1FAIpQLSdhNamFeglgVtt555M7xM7e8ZAg9KCWMEcDlLzX1oeZsyGxrg/viewform?usp=pp_url&entry.580385001="&C47&"&entry.1376952895="&A47) -> https://docs.google.com/forms/d/e/1FAIpQLSdhNamFeglgVtt555M7xM7e8ZAg9KCWMEcDlLzX1oeZsyGxrg/viewform?usp=pp_url&entry.580385001=C-COA-106&entry.1376952895=Gloss Op Link (Print Lack) | E47: =IFERROR(IF(C47<>"",VLOOKUP(C47,IMS!$A$2:$E1000,5,0),""),"") -> 2
A48: =IFERROR(__xludf.DUMMYFUNCTION("""COMPUTED_VALUE"""),"High Gloss Op Ink (Print Lack)") -> High Gloss Op Ink (Print Lack) | B48: =IFERROR(__xludf.DUMMYFUNCTION("""COMPUTED_VALUE"""),"Coating") -> Coating | C48: =IFERROR(__xludf.DUMMYFUNCTION("""COMPUTED_VALUE"""),"C-COA-107") -> C-COA-107 | D48: =IF(COUNTIF('Form responses 4'!B:B,C48)>0, "", "https://docs.google.com/forms/d/e/1FAIpQLSdhNamFeglgVtt555M7xM7e8ZAg9KCWMEcDlLzX1oeZsyGxrg/viewform?usp=pp_url&entry.580385001="&C48&"&entry.1376952895="&A48) -> https://docs.google.com/forms/d/e/1FAIpQLSdhNamFeglgVtt555M7xM7e8ZAg9KCWMEcDlLzX1oeZsyGxrg/viewform?usp=pp_url&entry.580385001=C-COA-107&entry.1376952895=High Gloss Op Ink (Print Lack) | E48: =IFERROR(IF(C48<>"",VLOOKUP(C48,IMS!$A$2:$E1000,5,0),""),"") -> 1
A49: =IFERROR(__xludf.DUMMYFUNCTION("""COMPUTED_VALUE"""),"Acrylac Extra Matt") -> Acrylac Extra Matt | B49: =IFERROR(__xludf.DUMMYFUNCTION("""COMPUTED_VALUE"""),"Coating") -> Coating | C49: =IFERROR(__xludf.DUMMYFUNCTION("""COMPUTED_VALUE"""),"C-COA-108") -> C-COA-108 | D49: =IF(COUNTIF('Form responses 4'!B:B,C49)>0, "", "https://docs.google.com/forms/d/e/1FAIpQLSdhNamFeglgVtt555M7xM7e8ZAg9KCWMEcDlLzX1oeZsyGxrg/viewform?usp=pp_url&entry.580385001="&C49&"&entry.1376952895="&A49) -> https://docs.google.com/forms/d/e/1FAIpQLSdhNamFeglgVtt555M7xM7e8ZAg9KCWMEcDlLzX1oeZsyGxrg/viewform?usp=pp_url&entry.580385001=C-COA-108&entry.1376952895=Acrylac Extra Matt | E49: =IFERROR(IF(C49<>"",VLOOKUP(C49,IMS!$A$2:$E1000,5,0),""),"") -> 20
A50: =IFERROR(__xludf.DUMMYFUNCTION("""COMPUTED_VALUE"""),"Flex Cure Mt Yellow") -> Flex Cure Mt Yellow | B50: =IFERROR(__xludf.DUMMYFUNCTION("""COMPUTED_VALUE"""),"Coating") -> Coating | C50: =IFERROR(__xludf.DUMMYFUNCTION("""COMPUTED_VALUE"""),"C-COA-109") -> C-COA-109 | D50: =IF(COUNTIF('Form responses 4'!B:B,C50)>0, "", "https://docs.google.com/forms/d/e/1FAIpQLSdhNamFeglgVtt555M7xM7e8ZAg9KCWMEcDlLzX1oeZsyGxrg/viewform?usp=pp_url&entry.580385001="&C50&"&entry.1376952895="&A50) -> https://docs.google.com/forms/d/e/1FAIpQLSdhNamFeglgVtt555M7xM7e8ZAg9KCWMEcDlLzX1oeZsyGxrg/viewform?usp=pp_url&entry.580385001=C-COA-109&entry.1376952895=Flex Cure Mt Yellow | E50: =IFERROR(IF(C50<>"",VLOOKUP(C50,IMS!$A$2:$E1000,5,0),""),"") -> 1
A51: =IFERROR(__xludf.DUMMYFUNCTION("""COMPUTED_VALUE"""),"Radicure Textured Duct Matt") -> Radicure Textured Duct Matt | B51: =IFERROR(__xludf.DUMMYFUNCTION("""COMPUTED_VALUE"""),"Coating") -> Coating | C51: =IFERROR(__xludf.DUMMYFUNCTION("""COMPUTED_VALUE"""),"C-COA-110") -> C-COA-110 | D51: =IF(COUNTIF('Form responses 4'!B:B,C51)>0, "", "https://docs.google.com/forms/d/e/1FAIpQLSdhNamFeglgVtt555M7xM7e8ZAg9KCWMEcDlLzX1oeZsyGxrg/viewform?usp=pp_url&entry.580385001="&C51&"&entry.1376952895="&A51) | E51: =IFERROR(IF(C51<>"",VLOOKUP(C51,IMS!$A$2:$E1000,5,0),""),"") -> 7
A52: =IFERROR(__xludf.DUMMYFUNCTION("""COMPUTED_VALUE"""),"Md Cure Violet") -> Md Cure Violet | B52: =IFERROR(__xludf.DUMMYFUNCTION("""COMPUTED_VALUE"""),"Ink") -> Ink | C52: =IFERROR(__xludf.DUMMYFUNCTION("""COMPUTED_VALUE"""),"I-PAN-111") -> I-PAN-111 | D52: =IF(COUNTIF('Form responses 4'!B:B,C52)>0, "", "https://docs.google.com/forms/d/e/1FAIpQLSdhNamFeglgVtt555M7xM7e8ZAg9KCWMEcDlLzX1oeZsyGxrg/viewform?usp=pp_url&entry.580385001="&C52&"&entry.1376952895="&A52) -> https://docs.google.com/forms/d/e/1FAIpQLSdhNamFeglgVtt555M7xM7e8ZAg9KCWMEcDlLzX1oeZsyGxrg/viewform?usp=pp_url&entry.580385001=I-PAN-111&entry.1376952895=Md Cure Violet | E52: =IFERROR(IF(C52<>"",VLOOKUP(C52,IMS!$A$2:$E1000,5,0),""),"") -> 2
A53: =IFERROR(__xludf.DUMMYFUNCTION("""COMPUTED_VALUE"""),"Uv Varnish Wet Offset Release ") -> Uv Varnish Wet Offset Release | B53: =IFERROR(__xludf.DUMMYFUNCTION("""COMPUTED_VALUE"""),"Chemical") -> Chemical | C53: =IFERROR(__xludf.DUMMYFUNCTION("""COMPUTED_VALUE"""),"CH-VAR-112") -> CH-VAR-112 | D53: =IF(COUNTIF('Form responses 4'!B:B,C53)>0, "", "https://docs.google.com/forms/d/e/1FAIpQLSdhNamFeglgVtt555M7xM7e8ZAg9KCWMEcDlLzX1oeZsyGxrg/viewform?usp=pp_url&entry.580385001="&C53&"&entry.1376952895="&A53) -> https://docs.google.com/forms/d/e/1FAIpQLSdhNamFeglgVtt555M7xM7e8ZAg9KCWMEcDlLzX1oeZsyGxrg/viewform?usp=pp_url&entry.580385001=CH-VAR-112&entry.1376952895=Uv Varnish Wet Offset Release | E53: =IFERROR(IF(C53<>"",VLOOKUP(C53,IMS!$A$2:$E1000,5,0),""),"") -> 3
A54: =IFERROR(__xludf.DUMMYFUNCTION("""COMPUTED_VALUE"""),"Area Fumigant Water Disinfectant Solun.") -> Area Fumigant Water Disinfectant Solun. | B54: =IFERROR(__xludf.DUMMYFUNCTION("""COMPUTED_VALUE"""),"Chemical") -> Chemical | C54: =IFERROR(__xludf.DUMMYFUNCTION("""COMPUTED_VALUE"""),"CH-SOL-113") -> CH-SOL-113 | D54: =IF(COUNTIF('Form responses 4'!B:B,C54)>0, "", "https://docs.google.com/forms/d/e/1FAIpQLSdhNamFeglgVtt555M7xM7e8ZAg9KCWMEcDlLzX1oeZsyGxrg/viewform?usp=pp_url&entry.580385001="&C54&"&entry.1376952895="&A54) -> https://docs.google.com/forms/d/e/1FAIpQLSdhNamFeglgVtt555M7xM7e8ZAg9KCWMEcDlLzX1oeZsyGxrg/viewform?usp=pp_url&entry.580385001=CH-SOL-113&entry.1376952895=Area Fumigant Water Disinfectant Solun. | E54: =IFERROR(IF(C54<>"",VLOOKUP(C54,IMS!$A$2:$E1000,5,0),""),"") -> 5
A55: =IFERROR(__xludf.DUMMYFUNCTION("""COMPUTED_VALUE"""),"Classic Multi Wash-HPC 0214/25D21") -> Classic Multi Wash-HPC 0214/25D21 | B55: =IFERROR(__xludf.DUMMYFUNCTION("""COMPUTED_VALUE"""),"Chemical") -> Chemical | C55: =IFERROR(__xludf.DUMMYFUNCTION("""COMPUTED_VALUE"""),"CH-SOL-114") -> CH-SOL-114 | D55: =IF(COUNTIF('Form responses 4'!B:B,C55)>0, "", "https://docs.google.com/forms/d/e/1FAIpQLSdhNamFeglgVtt555M7xM7e8ZAg9KCWMEcDlLzX1oeZsyGxrg/viewform?usp=pp_url&entry.580385001="&C55&"&entry.1376952895="&A55) | E55: =IFERROR(IF(C55<>"",VLOOKUP(C55,IMS!$A$2:$E1000,5,0),""),"") -> 20
A56: =IFERROR(__xludf.DUMMYFUNCTION("""COMPUTED_VALUE"""),"Sodium Hypochlorite 5%") -> Sodium Hypochlorite 5% | B56: =IFERROR(__xludf.DUMMYFUNCTION("""COMPUTED_VALUE"""),"Chemical") -> Chemical | C56: =IFERROR(__xludf.DUMMYFUNCTION("""COMPUTED_VALUE"""),"CH-SOL-115") -> CH-SOL-115 | D56: =IF(COUNTIF('Form responses 4'!B:B,C56)>0, "", "https://docs.google.com/forms/d/e/1FAIpQLSdhNamFeglgVtt555M7xM7e8ZAg9KCWMEcDlLzX1oeZsyGxrg/viewform?usp=pp_url&entry.580385001="&C56&"&entry.1376952895="&A56) -> https://docs.google.com/forms/d/e/1FAIpQLSdhNamFeglgVtt555M7xM7e8ZAg9KCWMEcDlLzX1oeZsyGxrg/viewform?usp=pp_url&entry.580385001=CH-SOL-115&entry.1376952895=Sodium Hypochlorite 5% | E56: =IFERROR(IF(C56<>"",VLOOKUP(C56,IMS!$A$2:$E1000,5,0),""),"") -> 2.5
A57: =IFERROR(__xludf.DUMMYFUNCTION("""COMPUTED_VALUE"""),"Nova Nol Xtra") -> Nova Nol Xtra | B57: =IFERROR(__xludf.DUMMYFUNCTION("""COMPUTED_VALUE"""),"Chemical") -> Chemical | C57: =IFERROR(__xludf.DUMMYFUNCTION("""COMPUTED_VALUE"""),"CH-SOL-116") -> CH-SOL-116 | D57: =IF(COUNTIF('Form responses 4'!B:B,C57)>0, "", "https://docs.google.com/forms/d/e/1FAIpQLSdhNamFeglgVtt555M7xM7e8ZAg9KCWMEcDlLzX1oeZsyGxrg/viewform?usp=pp_url&entry.580385001="&C57&"&entry.1376952895="&A57) | E57: =IFERROR(IF(C57<>"",VLOOKUP(C57,IMS!$A$2:$E1000,5,0),""),"") -> 20
A58: =IFERROR(__xludf.DUMMYFUNCTION("""COMPUTED_VALUE"""),"Inc Reducer (B)") -> Inc Reducer (B) | B58: =IFERROR(__xludf.DUMMYFUNCTION("""COMPUTED_VALUE"""),"Chemical") -> Chemical | C58: =IFERROR(__xludf.DUMMYFUNCTION("""COMPUTED_VALUE"""),"CH-SOL-117") -> CH-SOL-117 | D58: =IF(COUNTIF('Form responses 4'!B:B,C58)>0, "", "https://docs.google.com/forms/d/e/1FAIpQLSdhNamFeglgVtt555M7xM7e8ZAg9KCWMEcDlLzX1oeZsyGxrg/viewform?usp=pp_url&entry.580385001="&C58&"&entry.1376952895="&A58) -> https://docs.google.com/forms/d/e/1FAIpQLSdhNamFeglgVtt555M7xM7e8ZAg9KCWMEcDlLzX1oeZsyGxrg/viewform?usp=pp_url&entry.580385001=CH-SOL-117&entry.1376952895=Inc Reducer (B) | E58: =IFERROR(IF(C58<>"",VLOOKUP(C58,IMS!$A$2:$E1000,5,0),""),"") -> 0
A59: =IFERROR(__xludf.DUMMYFUNCTION("""COMPUTED_VALUE"""),"Anti Set off spray") -> Anti Set off spray | B59: =IFERROR(__xludf.DUMMYFUNCTION("""COMPUTED_VALUE"""),"Chemical") -> Chemical | C59: =IFERROR(__xludf.DUMMYFUNCTION("""COMPUTED_VALUE"""),"CH-SOL-118") -> CH-SOL-118 | D59: =IF(COUNTIF('Form responses 4'!B:B,C59)>0, "", "https://docs.google.com/forms/d/e/1FAIpQLSdhNamFeglgVtt555M7xM7e8ZAg9KCWMEcDlLzX1oeZsyGxrg/viewform?usp=pp_url&entry.580385001="&C59&"&entry.1376952895="&A59) | E59: =IFERROR(IF(C59<>"",VLOOKUP(C59,IMS!$A$2:$E1000,5,0),""),"") -> 3
A60: =IFERROR(__xludf.DUMMYFUNCTION("""COMPUTED_VALUE"""),"Fevicol Sr 505") -> Fevicol Sr 505 | B60: =IFERROR(__xludf.DUMMYFUNCTION("""COMPUTED_VALUE"""),"Adhesive") -> Adhesive | C60: =IFERROR(__xludf.DUMMYFUNCTION("""COMPUTED_VALUE"""),"A-ADH-119") -> A-ADH-119 | D60: =IF(COUNTIF('Form responses 4'!B:B,C60)>0, "", "https://docs.google.com/forms/d/e/1FAIpQLSdhNamFeglgVtt555M7xM7e8ZAg9KCWMEcDlLzX1oeZsyGxrg/viewform?usp=pp_url&entry.580385001="&C60&"&entry.1376952895="&A60) | E60: =IFERROR(IF(C60<>"",VLOOKUP(C60,IMS!$A$2:$E1000,5,0),""),"") -> 2
A61: =IFERROR(__xludf.DUMMYFUNCTION("""COMPUTED_VALUE"""),"Self Adhesive Tissue Tape 10 Mm") -> Self Adhesive Tissue Tape 10 Mm | B61: =IFERROR(__xludf.DUMMYFUNCTION("""COMPUTED_VALUE"""),"Adhesive") -> Adhesive | C61: =IFERROR(__xludf.DUMMYFUNCTION("""COMPUTED_VALUE"""),"A-TAP-120") -> A-TAP-120 | D61: =IF(COUNTIF('Form responses 4'!B:B,C61)>0, "", "https://docs.google.com/forms/d/e/1FAIpQLSdhNamFeglgVtt555M7xM7e8ZAg9KCWMEcDlLzX1oeZsyGxrg/viewform?usp=pp_url&entry.580385001="&C61&"&entry.1376952895="&A61) -> https://docs.google.com/forms/d/e/1FAIpQLSdhNamFeglgVtt555M7xM7e8ZAg9KCWMEcDlLzX1oeZsyGxrg/viewform?usp=pp_url&entry.580385001=A-TAP-120&entry.1376952895=Self Adhesive Tissue Tape 10 Mm | E61: =IFERROR(IF(C61<>"",VLOOKUP(C61,IMS!$A$2:$E1000,5,0),""),"") -> 6
A62: =IFERROR(__xludf.DUMMYFUNCTION("""COMPUTED_VALUE"""),"Self Adhesive Tissue Tape 24 Mm") -> Self Adhesive Tissue Tape 24 Mm | B62: =IFERROR(__xludf.DUMMYFUNCTION("""COMPUTED_VALUE"""),"Adhesive") -> Adhesive | C62: =IFERROR(__xludf.DUMMYFUNCTION("""COMPUTED_VALUE"""),"A-TAP-121") -> A-TAP-121 | D62: =IF(COUNTIF('Form responses 4'!B:B,C62)>0, "", "https://docs.google.com/forms/d/e/1FAIpQLSdhNamFeglgVtt555M7xM7e8ZAg9KCWMEcDlLzX1oeZsyGxrg/viewform?usp=pp_url&entry.580385001="&C62&"&entry.1376952895="&A62) -> https://docs.google.com/forms/d/e/1FAIpQLSdhNamFeglgVtt555M7xM7e8ZAg9KCWMEcDlLzX1oeZsyGxrg/viewform?usp=pp_url&entry.580385001=A-TAP-121&entry.1376952895=Self Adhesive Tissue Tape 24 Mm | E62: =IFERROR(IF(C62<>"",VLOOKUP(C62,IMS!$A$2:$E1000,5,0),""),"") -> 8
A63: =IFERROR(__xludf.DUMMYFUNCTION("""COMPUTED_VALUE"""),"Self Adhesive Tissue Tape 8 Mm") -> Self Adhesive Tissue Tape 8 Mm | B63: =IFERROR(__xludf.DUMMYFUNCTION("""COMPUTED_VALUE"""),"Adhesive") -> Adhesive | C63: =IFERROR(__xludf.DUMMYFUNCTION("""COMPUTED_VALUE"""),"A-TAP-122") -> A-TAP-122 | D63: =IF(COUNTIF('Form responses 4'!B:B,C63)>0, "", "https://docs.google.com/forms/d/e/1FAIpQLSdhNamFeglgVtt555M7xM7e8ZAg9KCWMEcDlLzX1oeZsyGxrg/viewform?usp=pp_url&entry.580385001="&C63&"&entry.1376952895="&A63) -> https://docs.google.com/forms/d/e/1FAIpQLSdhNamFeglgVtt555M7xM7e8ZAg9KCWMEcDlLzX1oeZsyGxrg/viewform?usp=pp_url&entry.580385001=A-TAP-122&entry.1376952895=Self Adhesive Tissue Tape 8 Mm | E63: =IFERROR(IF(C63<>"",VLOOKUP(C63,IMS!$A$2:$E1000,5,0),""),"") -> 30
A64: =IFERROR(__xludf.DUMMYFUNCTION("""COMPUTED_VALUE"""),"Self Adhesive Tissue Tape 12Mm") -> Self Adhesive Tissue Tape 12Mm | B64: =IFERROR(__xludf.DUMMYFUNCTION("""COMPUTED_VALUE"""),"Adhesive") -> Adhesive | C64: =IFERROR(__xludf.DUMMYFUNCTION("""COMPUTED_VALUE"""),"A-TAP-123") -> A-TAP-123 | D64: =IF(COUNTIF('Form responses 4'!B:B,C64)>0, "", "https://docs.google.com/forms/d/e/1FAIpQLSdhNamFeglgVtt555M7xM7e8ZAg9KCWMEcDlLzX1oeZsyGxrg/viewform?usp=pp_url&entry.580385001="&C64&"&entry.1376952895="&A64) -> https://docs.google.com/forms/d/e/1FAIpQLSdhNamFeglgVtt555M7xM7e8ZAg9KCWMEcDlLzX1oeZsyGxrg/viewform?usp=pp_url&entry.580385001=A-TAP-123&entry.1376952895=Self Adhesive Tissue Tape 12Mm | E64: =IFERROR(IF(C64<>"",VLOOKUP(C64,IMS!$A$2:$E1000,5,0),""),"") -> 8
A65: =IFERROR(__xludf.DUMMYFUNCTION("""COMPUTED_VALUE"""),"Self Adhesive Tissue Tape 20Mm") -> Self Adhesive Tissue Tape 20Mm | B65: =IFERROR(__xludf.DUMMYFUNCTION("""COMPUTED_VALUE"""),"Adhesive") -> Adhesive | C65: =IFERROR(__xludf.DUMMYFUNCTION("""COMPUTED_VALUE"""),"A-TAP-124") -> A-TAP-124 | D65: =IF(COUNTIF('Form responses 4'!B:B,C65)>0, "", "https://docs.google.com/forms/d/e/1FAIpQLSdhNamFeglgVtt555M7xM7e8ZAg9KCWMEcDlLzX1oeZsyGxrg/viewform?usp=pp_url&entry.580385001="&C65&"&entry.1376952895="&A65) -> https://docs.google.com/forms/d/e/1FAIpQLSdhNamFeglgVtt555M7xM7e8ZAg9KCWMEcDlLzX1oeZsyGxrg/viewform?usp=pp_url&entry.580385001=A-TAP-124&entry.1376952895=Self Adhesive Tissue Tape 20Mm | E65: =IFERROR(IF(C65<>"",VLOOKUP(C65,IMS!$A$2:$E1000,5,0),""),"") -> 1
A66: =IFERROR(__xludf.DUMMYFUNCTION("""COMPUTED_VALUE"""),"Arobond Adhesive") -> Arobond Adhesive | B66: =IFERROR(__xludf.DUMMYFUNCTION("""COMPUTED_VALUE"""),"Adhesive") -> Adhesive | C66: =IFERROR(__xludf.DUMMYFUNCTION("""COMPUTED_VALUE"""),"A-TAP-125") -> A-TAP-125 | D66: =IF(COUNTIF('Form responses 4'!B:B,C66)>0, "", "https://docs.google.com/forms/d/e/1FAIpQLSdhNamFeglgVtt555M7xM7e8ZAg9KCWMEcDlLzX1oeZsyGxrg/viewform?usp=pp_url&entry.580385001="&C66&"&entry.1376952895="&A66) | E66: =IFERROR(IF(C66<>"",VLOOKUP(C66,IMS!$A$2:$E1000,5,0),""),"") -> 5
A67: =IFERROR(__xludf.DUMMYFUNCTION("""COMPUTED_VALUE"""),"At 1/65 Self Adhesive Tape Brown") -> At 1/65 Self Adhesive Tape Brown | B67: =IFERROR(__xludf.DUMMYFUNCTION("""COMPUTED_VALUE"""),"Adhesive") -> Adhesive | C67: =IFERROR(__xludf.DUMMYFUNCTION("""COMPUTED_VALUE"""),"A-TAP-126") -> A-TAP-126 | D67: =IF(COUNTIF('Form responses 4'!B:B,C67)>0, "", "https://docs.google.com/forms/d/e/1FAIpQLSdhNamFeglgVtt555M7xM7e8ZAg9KCWMEcDlLzX1oeZsyGxrg/viewform?usp=pp_url&entry.580385001="&C67&"&entry.1376952895="&A67) | E67: =IFERROR(IF(C67<>"",VLOOKUP(C67,IMS!$A$2:$E1000,5,0),""),"") -> 45
A68: =IFERROR(__xludf.DUMMYFUNCTION("""COMPUTED_VALUE"""),"Fevicol Cpw (Pid) ") -> Fevicol Cpw (Pid) | B68: =IFERROR(__xludf.DUMMYFUNCTION("""COMPUTED_VALUE"""),"Adhesive") -> Adhesive | C68: =IFERROR(__xludf.DUMMYFUNCTION("""COMPUTED_VALUE"""),"A-ADH-127") -> A-ADH-127 | D68: =IF(COUNTIF('Form responses 4'!B:B,C68)>0, "", "https://docs.google.com/forms/d/e/1FAIpQLSdhNamFeglgVtt555M7xM7e8ZAg9KCWMEcDlLzX1oeZsyGxrg/viewform?usp=pp_url&entry.580385001="&C68&"&entry.1376952895="&A68) | E68: =IFERROR(IF(C68<>"",VLOOKUP(C68,IMS!$A$2:$E1000,5,0),""),"") -> 50
A69: =IFERROR(__xludf.DUMMYFUNCTION("""COMPUTED_VALUE"""),"Fevicol 2000 L(Pid) ") -> Fevicol 2000 L(Pid) | B69: =IFERROR(__xludf.DUMMYFUNCTION("""COMPUTED_VALUE"""),"Adhesive") -> Adhesive | C69: =IFERROR(__xludf.DUMMYFUNCTION("""COMPUTED_VALUE"""),"A-ADH-128") -> A-ADH-128 | D69: =IF(COUNTIF('Form responses 4'!B:B,C69)>0, "", "https://docs.google.com/forms/d/e/1FAIpQLSdhNamFeglgVtt555M7xM7e8ZAg9KCWMEcDlLzX1oeZsyGxrg/viewform?usp=pp_url&entry.580385001="&C69&"&entry.1376952895="&A69) -> https://docs.google.com/forms/d/e/1FAIpQLSdhNamFeglgVtt555M7xM7e8ZAg9KCWMEcDlLzX1oeZsyGxrg/viewform?usp=pp_url&entry.580385001=A-ADH-128&entry.1376952895=Fevicol 2000 L(Pid) | E69: =IFERROR(IF(C69<>"",VLOOKUP(C69,IMS!$A$2:$E1000,5,0),""),"") -> 50
A70: =IFERROR(__xludf.DUMMYFUNCTION("""COMPUTED_VALUE"""),"At 2/65 Self Adhesive Tape Brown") -> At 2/65 Self Adhesive Tape Brown | B70: =IFERROR(__xludf.DUMMYFUNCTION("""COMPUTED_VALUE"""),"Adhesive") -> Adhesive | C70: =IFERROR(__xludf.DUMMYFUNCTION("""COMPUTED_VALUE"""),"A-TAP-129") -> A-TAP-129 | D70: =IF(COUNTIF('Form responses 4'!B:B,C70)>0, "", "https://docs.google.com/forms/d/e/1FAIpQLSdhNamFeglgVtt555M7xM7e8ZAg9KCWMEcDlLzX1oeZsyGxrg/viewform?usp=pp_url&entry.580385001="&C70&"&entry.1376952895="&A70) | E70: =IFERROR(IF(C70<>"",VLOOKUP(C70,IMS!$A$2:$E1000,5,0),""),"") -> 60
A71: =IFERROR(__xludf.DUMMYFUNCTION("""COMPUTED_VALUE"""),"Ft 4 Self Adhesive D/S Foam Tape 24 Mm") -> Ft 4 Self Adhesive D/S Foam Tape 24 Mm | B71: =IFERROR(__xludf.DUMMYFUNCTION("""COMPUTED_VALUE"""),"Adhesive") -> Adhesive | C71: =IFERROR(__xludf.DUMMYFUNCTION("""COMPUTED_VALUE"""),"A-TAP-130") -> A-TAP-130 | D71: =IF(COUNTIF('Form responses 4'!B:B,C71)>0, "", "https://docs.google.com/forms/d/e/1FAIpQLSdhNamFeglgVtt555M7xM7e8ZAg9KCWMEcDlLzX1oeZsyGxrg/viewform?usp=pp_url&entry.580385001="&C71&"&entry.1376952895="&A71) | E71: =IFERROR(IF(C71<>"",VLOOKUP(C71,IMS!$A$2:$E1000,5,0),""),"") -> 17
A72: =IFERROR(__xludf.DUMMYFUNCTION("""COMPUTED_VALUE"""),"Ceta") -> Ceta | B72: =IFERROR(__xludf.DUMMYFUNCTION("""COMPUTED_VALUE"""),"Ceta") -> Ceta | C72: =IFERROR(__xludf.DUMMYFUNCTION("""COMPUTED_VALUE"""),"CET-CET-131") -> CET-CET-131 | D72: =IF(COUNTIF('Form responses 4'!B:B,C72)>0, "", "https://docs.google.com/forms/d/e/1FAIpQLSdhNamFeglgVtt555M7xM7e8ZAg9KCWMEcDlLzX1oeZsyGxrg/viewform?usp=pp_url&entry.580385001="&C72&"&entry.1376952895="&A72) | E72: =IFERROR(IF(C72<>"",VLOOKUP(C72,IMS!$A$2:$E1000,5,0),""),"") -> 100
A73: =IFERROR(__xludf.DUMMYFUNCTION("""COMPUTED_VALUE"""),"Self Adhesive Tape Transparent 48 Mm") -> Self Adhesive Tape Transparent 48 Mm | B73: =IFERROR(__xludf.DUMMYFUNCTION("""COMPUTED_VALUE"""),"Adhesive") -> Adhesive | C73: =IFERROR(__xludf.DUMMYFUNCTION("""COMPUTED_VALUE"""),"A-TAP-132") -> A-TAP-132 | D73: =IF(COUNTIF('Form responses 4'!B:B,C73)>0, "", "https://docs.google.com/forms/d/e/1FAIpQLSdhNamFeglgVtt555M7xM7e8ZAg9KCWMEcDlLzX1oeZsyGxrg/viewform?usp=pp_url&entry.580385001="&C73&"&entry.1376952895="&A73) -> https://docs.google.com/forms/d/e/1FAIpQLSdhNamFeglgVtt555M7xM7e8ZAg9KCWMEcDlLzX1oeZsyGxrg/viewform?usp=pp_url&entry.580385001=A-TAP-132&entry.1376952895=Self Adhesive Tape Transparent 48 Mm | E73: =IFERROR(IF(C73<>"",VLOOKUP(C73,IMS!$A$2:$E1000,5,0),""),"") -> 1
A74: =IFERROR(__xludf.DUMMYFUNCTION("""COMPUTED_VALUE"""),"Wire") -> Wire | B74: =IFERROR(__xludf.DUMMYFUNCTION("""COMPUTED_VALUE"""),"Miscellaneous") -> Miscellaneous | C74: =IFERROR(__xludf.DUMMYFUNCTION("""COMPUTED_VALUE"""),"M-MIS-133") -> M-MIS-133 | D74: =IF(COUNTIF('Form responses 4'!B:B,C74)>0, "", "https://docs.google.com/forms/d/e/1FAIpQLSdhNamFeglgVtt555M7xM7e8ZAg9KCWMEcDlLzX1oeZsyGxrg/viewform?usp=pp_url&entry.580385001="&C74&"&entry.1376952895="&A74) -> https://docs.google.com/forms/d/e/1FAIpQLSdhNamFeglgVtt555M7xM7e8ZAg9KCWMEcDlLzX1oeZsyGxrg/viewform?usp=pp_url&entry.580385001=M-MIS-133&entry.1376952895=Wire | E74: =IFERROR(IF(C74<>"",VLOOKUP(C74,IMS!$A$2:$E1000,5,0),""),"") -> 2
A75: =IFERROR(__xludf.DUMMYFUNCTION("""COMPUTED_VALUE"""),"TK/7000 AQUA High Gloss Varnish") -> TK/7000 AQUA High Gloss Varnish | B75: =IFERROR(__xludf.DUMMYFUNCTION("""COMPUTED_VALUE"""),"Chemical") -> Chemical | C75: =IFERROR(__xludf.DUMMYFUNCTION("""COMPUTED_VALUE"""),"CH-VAR-134") -> CH-VAR-134 | D75: =IF(COUNTIF('Form responses 4'!B:B,C75)>0, "", "https://docs.google.com/forms/d/e/1FAIpQLSdhNamFeglgVtt555M7xM7e8ZAg9KCWMEcDlLzX1oeZsyGxrg/viewform?usp=pp_url&entry.580385001="&C75&"&entry.1376952895="&A75) | E75: =IFERROR(IF(C75<>"",VLOOKUP(C75,IMS!$A$2:$E1000,5,0),""),"") -> 20
A76: =IFERROR(__xludf.DUMMYFUNCTION("""COMPUTED_VALUE"""),"Protection Gum") -> Protection Gum | B76: =IFERROR(__xludf.DUMMYFUNCTION("""COMPUTED_VALUE"""),"Chemical") -> Chemical | C76: =IFERROR(__xludf.DUMMYFUNCTION("""COMPUTED_VALUE"""),"CH-GUM-135") -> CH-GUM-135 | D76: =IF(COUNTIF('Form responses 4'!B:B,C76)>0, "", "https://docs.google.com/forms/d/e/1FAIpQLSdhNamFeglgVtt555M7xM7e8ZAg9KCWMEcDlLzX1oeZsyGxrg/viewform?usp=pp_url&entry.580385001="&C76&"&entry.1376952895="&A76) | E76: =IFERROR(IF(C76<>"",VLOOKUP(C76,IMS!$A$2:$E1000,5,0),""),"") -> 0
A77: =IFERROR(__xludf.DUMMYFUNCTION("""COMPUTED_VALUE"""),"Glass Cleaner") -> Glass Cleaner | B77: =IFERROR(__xludf.DUMMYFUNCTION("""COMPUTED_VALUE"""),"Chemical") -> Chemical | C77: =IFERROR(__xludf.DUMMYFUNCTION("""COMPUTED_VALUE"""),"CH-SOL-136") -> CH-SOL-136 | D77: =IF(COUNTIF('Form responses 4'!B:B,C77)>0, "", "https://docs.google.com/forms/d/e/1FAIpQLSdhNamFeglgVtt555M7xM7e8ZAg9KCWMEcDlLzX1oeZsyGxrg/viewform?usp=pp_url&entry.580385001="&C77&"&entry.1376952895="&A77) | E77: =IFERROR(IF(C77<>"",VLOOKUP(C77,IMS!$A$2:$E1000,5,0),""),"") -> 10
A78: =IFERROR(__xludf.DUMMYFUNCTION("""COMPUTED_VALUE"""),"Nova Delete ") -> Nova Delete | B78: =IFERROR(__xludf.DUMMYFUNCTION("""COMPUTED_VALUE"""),"Chemical") -> Chemical | C78: =IFERROR(__xludf.DUMMYFUNCTION("""COMPUTED_VALUE"""),"CH-SOL-137") -> CH-SOL-137 | D78: =IF(COUNTIF('Form responses 4'!B:B,C78)>0, "", "https://docs.google.com/forms/d/e/1FAIpQLSdhNamFeglgVtt555M7xM7e8ZAg9KCWMEcDlLzX1oeZsyGxrg/viewform?usp=pp_url&entry.580385001="&C78&"&entry.1376952895="&A78) | E78: =IFERROR(IF(C78<>"",VLOOKUP(C78,IMS!$A$2:$E1000,5,0),""),"") -> 0.2
A79: =IFERROR(__xludf.DUMMYFUNCTION("""COMPUTED_VALUE"""),"Cleaning Powder") -> Cleaning Powder | B79: =IFERROR(__xludf.DUMMYFUNCTION("""COMPUTED_VALUE"""),"Chemical") -> Chemical | C79: =IFERROR(__xludf.DUMMYFUNCTION("""COMPUTED_VALUE"""),"CH-POW-138") -> CH-POW-138 | D79: =IF(COUNTIF('Form responses 4'!B:B,C79)>0, "", "https://docs.google.com/forms/d/e/1FAIpQLSdhNamFeglgVtt555M7xM7e8ZAg9KCWMEcDlLzX1oeZsyGxrg/viewform?usp=pp_url&entry.580385001="&C79&"&entry.1376952895="&A79) -> https://docs.google.com/forms/d/e/1FAIpQLSdhNamFeglgVtt555M7xM7e8ZAg9KCWMEcDlLzX1oeZsyGxrg/viewform?usp=pp_url&entry.580385001=CH-POW-138&entry.1376952895=Cleaning Powder | E79: =IFERROR(IF(C79<>"",VLOOKUP(C79,IMS!$A$2:$E1000,5,0),""),"") -> 1.5
A80: =IFERROR(__xludf.DUMMYFUNCTION("""COMPUTED_VALUE"""),"Roller Paste-Glazekeen Hydromac") -> Roller Paste-Glazekeen Hydromac | B80: =IFERROR(__xludf.DUMMYFUNCTION("""COMPUTED_VALUE"""),"Chemical") -> Chemical | C80: =IFERROR(__xludf.DUMMYFUNCTION("""COMPUTED_VALUE"""),"CH-ADH-139") -> CH-ADH-139 | D80: =IF(COUNTIF('Form responses 4'!B:B,C80)>0, "", "https://docs.google.com/forms/d/e/1FAIpQLSdhNamFeglgVtt555M7xM7e8ZAg9KCWMEcDlLzX1oeZsyGxrg/viewform?usp=pp_url&entry.580385001="&C80&"&entry.1376952895="&A80) | E80: =IFERROR(IF(C80<>"",VLOOKUP(C80,IMS!$A$2:$E1000,5,0),""),"") -> 4
A81: =IFERROR(__xludf.DUMMYFUNCTION("""COMPUTED_VALUE"""),"Chemical Blanket Saver") -> Chemical Blanket Saver | B81: =IFERROR(__xludf.DUMMYFUNCTION("""COMPUTED_VALUE"""),"Chemical") -> Chemical | C81: =IFERROR(__xludf.DUMMYFUNCTION("""COMPUTED_VALUE"""),"CH-SOL-140") -> CH-SOL-140 | D81: =IF(COUNTIF('Form responses 4'!B:B,C81)>0, "", "https://docs.google.com/forms/d/e/1FAIpQLSdhNamFeglgVtt555M7xM7e8ZAg9KCWMEcDlLzX1oeZsyGxrg/viewform?usp=pp_url&entry.580385001="&C81&"&entry.1376952895="&A81) | E81: =IFERROR(IF(C81<>"",VLOOKUP(C81,IMS!$A$2:$E1000,5,0),""),"") -> 0.5
A82: =IFERROR(__xludf.DUMMYFUNCTION("""COMPUTED_VALUE"""),"Ultra Shield 417 Duct Gloss OP Varnish") -> Ultra Shield 417 Duct Gloss OP Varnish | B82: =IFERROR(__xludf.DUMMYFUNCTION("""COMPUTED_VALUE"""),"Chemical") -> Chemical | C82: =IFERROR(__xludf.DUMMYFUNCTION("""COMPUTED_VALUE"""),"CH-VAR-141") -> CH-VAR-141 | D82: =IF(COUNTIF('Form responses 4'!B:B,C82)>0, "", "https://docs.google.com/forms/d/e/1FAIpQLSdhNamFeglgVtt555M7xM7e8ZAg9KCWMEcDlLzX1oeZsyGxrg/viewform?usp=pp_url&entry.580385001="&C82&"&entry.1376952895="&A82) | E82: =IFERROR(IF(C82<>"",VLOOKUP(C82,IMS!$A$2:$E1000,5,0),""),"") -> 20
A83: =IFERROR(__xludf.DUMMYFUNCTION("""COMPUTED_VALUE"""),"Plate Cleaner Normal") -> Plate Cleaner Normal | B83: =IFERROR(__xludf.DUMMYFUNCTION("""COMPUTED_VALUE"""),"Chemical") -> Chemical | C83: =IFERROR(__xludf.DUMMYFUNCTION("""COMPUTED_VALUE"""),"CH-SOL-142") -> CH-SOL-142 | D83: =IF(COUNTIF('Form responses 4'!B:B,C83)>0, "", "https://docs.google.com/forms/d/e/1FAIpQLSdhNamFeglgVtt555M7xM7e8ZAg9KCWMEcDlLzX1oeZsyGxrg/viewform?usp=pp_url&entry.580385001="&C83&"&entry.1376952895="&A83) | E83: =IFERROR(IF(C83<>"",VLOOKUP(C83,IMS!$A$2:$E1000,5,0),""),"") -> 15
A84: =IFERROR(__xludf.DUMMYFUNCTION("""COMPUTED_VALUE"""),"Plate Cleaner UV") -> Plate Cleaner UV | B84: =IFERROR(__xludf.DUMMYFUNCTION("""COMPUTED_VALUE"""),"Chemical") -> Chemical | C84: =IFERROR(__xludf.DUMMYFUNCTION("""COMPUTED_VALUE"""),"CH-SOL-143") -> CH-SOL-143 | D84: =IF(COUNTIF('Form responses 4'!B:B,C84)>0, "", "https://docs.google.com/forms/d/e/1FAIpQLSdhNamFeglgVtt555M7xM7e8ZAg9KCWMEcDlLzX1oeZsyGxrg/viewform?usp=pp_url&entry.580385001="&C84&"&entry.1376952895="&A84) | E84: =IFERROR(IF(C84<>"",VLOOKUP(C84,IMS!$A$2:$E1000,5,0),""),"") -> 4
A85: =IFERROR(__xludf.DUMMYFUNCTION("""COMPUTED_VALUE"""),"Benzene") -> Benzene | B85: =IFERROR(__xludf.DUMMYFUNCTION("""COMPUTED_VALUE"""),"Chemical") -> Chemical | C85: =IFERROR(__xludf.DUMMYFUNCTION("""COMPUTED_VALUE"""),"CH-SOL-144") -> CH-SOL-144 | D85: =IF(COUNTIF('Form responses 4'!B:B,C85)>0, "", "https://docs.google.com/forms/d/e/1FAIpQLSdhNamFeglgVtt555M7xM7e8ZAg9KCWMEcDlLzX1oeZsyGxrg/viewform?usp=pp_url&entry.580385001="&C85&"&entry.1376952895="&A85) | E85: =IFERROR(IF(C85<>"",VLOOKUP(C85,IMS!$A$2:$E1000,5,0),""),"") -> 15
A86: =IFERROR(__xludf.DUMMYFUNCTION("""COMPUTED_VALUE"""),"Sponge") -> Sponge | B86: =IFERROR(__xludf.DUMMYFUNCTION("""COMPUTED_VALUE"""),"Miscellaneous") -> Miscellaneous | C86: =IFERROR(__xludf.DUMMYFUNCTION("""COMPUTED_VALUE"""),"M-MIS-145") -> M-MIS-145 | D86: =IF(COUNTIF('Form responses 4'!B:B,C86)>0, "", "https://docs.google.com/forms/d/e/1FAIpQLSdhNamFeglgVtt555M7xM7e8ZAg9KCWMEcDlLzX1oeZsyGxrg/viewform?usp=pp_url&entry.580385001="&C86&"&entry.1376952895="&A86) | E86: =IFERROR(IF(C86<>"",VLOOKUP(C86,IMS!$A$2:$E1000,5,0),""),"") -> 14
A87: =IFERROR(__xludf.DUMMYFUNCTION("""COMPUTED_VALUE"""),"Pvc Polythene") -> Pvc Polythene | B87: =IFERROR(__xludf.DUMMYFUNCTION("""COMPUTED_VALUE"""),"Miscellaneous") -> Miscellaneous | C87: =IFERROR(__xludf.DUMMYFUNCTION("""COMPUTED_VALUE"""),"M-POL-146") -> M-POL-146 | D87: =IF(COUNTIF('Form responses 4'!B:B,C87)>0, "", "https://docs.google.com/forms/d/e/1FAIpQLSdhNamFeglgVtt555M7xM7e8ZAg9KCWMEcDlLzX1oeZsyGxrg/viewform?usp=pp_url&entry.580385001="&C87&"&entry.1376952895="&A87) -> https://docs.google.com/forms/d/e/1FAIpQLSdhNamFeglgVtt555M7xM7e8ZAg9KCWMEcDlLzX1oeZsyGxrg/viewform?usp=pp_url&entry.580385001=M-POL-146&entry.1376952895=Pvc Polythene | E87: =IFERROR(IF(C87<>"",VLOOKUP(C87,IMS!$A$2:$E1000,5,0),""),"") -> 100
A88: =IFERROR(__xludf.DUMMYFUNCTION("""COMPUTED_VALUE"""),"Biocon Brown") -> Biocon Brown | B88: =IFERROR(__xludf.DUMMYFUNCTION("""COMPUTED_VALUE"""),"Ink") -> Ink | C88: =IFERROR(__xludf.DUMMYFUNCTION("""COMPUTED_VALUE"""),"I-PAN-147") -> I-PAN-147 | D88: =IF(COUNTIF('Form responses 4'!B:B,C88)>0, "", "https://docs.google.com/forms/d/e/1FAIpQLSdhNamFeglgVtt555M7xM7e8ZAg9KCWMEcDlLzX1oeZsyGxrg/viewform?usp=pp_url&entry.580385001="&C88&"&entry.1376952895="&A88) -> https://docs.google.com/forms/d/e/1FAIpQLSdhNamFeglgVtt555M7xM7e8ZAg9KCWMEcDlLzX1oeZsyGxrg/viewform?usp=pp_url&entry.580385001=I-PAN-147&entry.1376952895=Biocon Brown | E88: =IFERROR(IF(C88<>"",VLOOKUP(C88,IMS!$A$2:$E1000,5,0),""),"") -> 1
A89: =IFERROR(__xludf.DUMMYFUNCTION("""COMPUTED_VALUE"""),"Jss Mul Papaya Yellow") -> Jss Mul Papaya Yellow | B89: =IFERROR(__xludf.DUMMYFUNCTION("""COMPUTED_VALUE"""),"Ink") -> Ink | C89: =IFERROR(__xludf.DUMMYFUNCTION("""COMPUTED_VALUE"""),"I-PAN-148") -> I-PAN-148 | D89: =IF(COUNTIF('Form responses 4'!B:B,C89)>0, "", "https://docs.google.com/forms/d/e/1FAIpQLSdhNamFeglgVtt555M7xM7e8ZAg9KCWMEcDlLzX1oeZsyGxrg/viewform?usp=pp_url&entry.580385001="&C89&"&entry.1376952895="&A89) -> https://docs.google.com/forms/d/e/1FAIpQLSdhNamFeglgVtt555M7xM7e8ZAg9KCWMEcDlLzX1oeZsyGxrg/viewform?usp=pp_url&entry.580385001=I-PAN-148&entry.1376952895=Jss Mul Papaya Yellow | E89: =IFERROR(IF(C89<>"",VLOOKUP(C89,IMS!$A$2:$E1000,5,0),""),"") -> 1
A90: =IFERROR(__xludf.DUMMYFUNCTION("""COMPUTED_VALUE"""),"Jss Mul Papaya Yellow") -> Jss Mul Papaya Yellow | B90: =IFERROR(__xludf.DUMMYFUNCTION("""COMPUTED_VALUE"""),"Ink") -> Ink | C90: =IFERROR(__xludf.DUMMYFUNCTION("""COMPUTED_VALUE"""),"I-PAN-149") -> I-PAN-149 | D90: =IF(COUNTIF('Form responses 4'!B:B,C90)>0, "", "https://docs.google.com/forms/d/e/1FAIpQLSdhNamFeglgVtt555M7xM7e8ZAg9KCWMEcDlLzX1oeZsyGxrg/viewform?usp=pp_url&entry.580385001="&C90&"&entry.1376952895="&A90) -> https://docs.google.com/forms/d/e/1FAIpQLSdhNamFeglgVtt555M7xM7e8ZAg9KCWMEcDlLzX1oeZsyGxrg/viewform?usp=pp_url&entry.580385001=I-PAN-149&entry.1376952895=Jss Mul Papaya Yellow | E90: =IFERROR(IF(C90<>"",VLOOKUP(C90,IMS!$A$2:$E1000,5,0),""),"") -> 1
A91: =IFERROR(__xludf.DUMMYFUNCTION("""COMPUTED_VALUE"""),"Uv Fd ink wash") -> Uv Fd ink wash | B91: =IFERROR(__xludf.DUMMYFUNCTION("""COMPUTED_VALUE"""),"Chemical") -> Chemical | C91: =IFERROR(__xludf.DUMMYFUNCTION("""COMPUTED_VALUE"""),"CH-SOL-150") -> CH-SOL-150 | D91: =IF(COUNTIF('Form responses 4'!B:B,C91)>0, "", "https://docs.google.com/forms/d/e/1FAIpQLSdhNamFeglgVtt555M7xM7e8ZAg9KCWMEcDlLzX1oeZsyGxrg/viewform?usp=pp_url&entry.580385001="&C91&"&entry.1376952895="&A91) -> https://docs.google.com/forms/d/e/1FAIpQLSdhNamFeglgVtt555M7xM7e8ZAg9KCWMEcDlLzX1oeZsyGxrg/viewform?usp=pp_url&entry.580385001=CH-SOL-150&entry.1376952895=Uv Fd ink wash | E91: =IFERROR(IF(C91<>"",VLOOKUP(C91,IMS!$A$2:$E1000,5,0),""),"") -> 0
A92: =IFERROR(__xludf.DUMMYFUNCTION("""COMPUTED_VALUE"""),"Bopp Film 13 inch Normal Matt") -> Bopp Film 13 inch Normal Matt | B92: =IFERROR(__xludf.DUMMYFUNCTION("""COMPUTED_VALUE"""),"Lamination") -> Lamination | C92: =IFERROR(__xludf.DUMMYFUNCTION("""COMPUTED_VALUE"""),"L-BOP-151") -> L-BOP-151 | D92: =IF(COUNTIF('Form responses 4'!B:B,C92)>0, "", "https://docs.google.com/forms/d/e/1FAIpQLSdhNamFeglgVtt555M7xM7e8ZAg9KCWMEcDlLzX1oeZsyGxrg/viewform?usp=pp_url&entry.580385001="&C92&"&entry.1376952895="&A92) -> https://docs.google.com/forms/d/e/1FAIpQLSdhNamFeglgVtt555M7xM7e8ZAg9KCWMEcDlLzX1oeZsyGxrg/viewform?usp=pp_url&entry.580385001=L-BOP-151&entry.1376952895=Bopp Film 13 inch Normal Matt | E92: =IFERROR(IF(C92<>"",VLOOKUP(C92,IMS!$A$2:$E1000,5,0),""),"") -> 0
A93: =IFERROR(__xludf.DUMMYFUNCTION("""COMPUTED_VALUE"""),"Bopp Film 14.5 inch Normal Matt") -> Bopp Film 14.5 inch Normal Matt | B93: =IFERROR(__xludf.DUMMYFUNCTION("""COMPUTED_VALUE"""),"Lamination") -> Lamination | C93: =IFERROR(__xludf.DUMMYFUNCTION("""COMPUTED_VALUE"""),"L-BOP-152") -> L-BOP-152 | D93: =IF(COUNTIF('Form responses 4'!B:B,C93)>0, "", "https://docs.google.com/forms/d/e/1FAIpQLSdhNamFeglgVtt555M7xM7e8ZAg9KCWMEcDlLzX1oeZsyGxrg/viewform?usp=pp_url&entry.580385001="&C93&"&entry.1376952895="&A93) -> https://docs.google.com/forms/d/e/1FAIpQLSdhNamFeglgVtt555M7xM7e8ZAg9KCWMEcDlLzX1oeZsyGxrg/viewform?usp=pp_url&entry.580385001=L-BOP-152&entry.1376952895=Bopp Film 14.5 inch Normal Matt | E93: =IFERROR(IF(C93<>"",VLOOKUP(C93,IMS!$A$2:$E1000,5,0),""),"") -> 1
A94: =IFERROR(__xludf.DUMMYFUNCTION("""COMPUTED_VALUE"""),"Bopp Film 16 inch Normal Matt") -> Bopp Film 16 inch Normal Matt | B94: =IFERROR(__xludf.DUMMYFUNCTION("""COMPUTED_VALUE"""),"Lamination") -> Lamination | C94: =IFERROR(__xludf.DUMMYFUNCTION("""COMPUTED_VALUE"""),"L-BOP-153") -> L-BOP-153 | D94: =IF(COUNTIF('Form responses 4'!B:B,C94)>0, "", "https://docs.google.com/forms/d/e/1FAIpQLSdhNamFeglgVtt555M7xM7e8ZAg9KCWMEcDlLzX1oeZsyGxrg/viewform?usp=pp_url&entry.580385001="&C94&"&entry.1376952895="&A94) -> https://docs.google.com/forms/d/e/1FAIpQLSdhNamFeglgVtt555M7xM7e8ZAg9KCWMEcDlLzX1oeZsyGxrg/viewform?usp=pp_url&entry.580385001=L-BOP-153&entry.1376952895=Bopp Film 16 inch Normal Matt | E94: =IFERROR(IF(C94<>"",VLOOKUP(C94,IMS!$A$2:$E1000,5,0),""),"") -> 1
A95: =IFERROR(__xludf.DUMMYFUNCTION("""COMPUTED_VALUE"""),"Bopp Film 17.5 inch Gloss Matt") -> Bopp Film 17.5 inch Gloss Matt | B95: =IFERROR(__xludf.DUMMYFUNCTION("""COMPUTED_VALUE"""),"Lamination") -> Lamination | C95: =IFERROR(__xludf.DUMMYFUNCTION("""COMPUTED_VALUE"""),"L-BOP-154") -> L-BOP-154 | D95: =IF(COUNTIF('Form responses 4'!B:B,C95)>0, "", "https://docs.google.com/forms/d/e/1FAIpQLSdhNamFeglgVtt555M7xM7e8ZAg9KCWMEcDlLzX1oeZsyGxrg/viewform?usp=pp_url&entry.580385001="&C95&"&entry.1376952895="&A95) -> https://docs.google.com/forms/d/e/1FAIpQLSdhNamFeglgVtt555M7xM7e8ZAg9KCWMEcDlLzX1oeZsyGxrg/viewform?usp=pp_url&entry.580385001=L-BOP-154&entry.1376952895=Bopp Film 17.5 inch Gloss Matt | E95: =IFERROR(IF(C95<>"",VLOOKUP(C95,IMS!$A$2:$E1000,5,0),""),"") -> 0
A96: =IFERROR(__xludf.DUMMYFUNCTION("""COMPUTED_VALUE"""),"Bopp Film 17 inch Normal Matt") -> Bopp Film 17 inch Normal Matt | B96: =IFERROR(__xludf.DUMMYFUNCTION("""COMPUTED_VALUE"""),"Lamination") -> Lamination | C96: =IFERROR(__xludf.DUMMYFUNCTION("""COMPUTED_VALUE"""),"L-BOP-155") -> L-BOP-155 | D96: =IF(COUNTIF('Form responses 4'!B:B,C96)>0, "", "https://docs.google.com/forms/d/e/1FAIpQLSdhNamFeglgVtt555M7xM7e8ZAg9KCWMEcDlLzX1oeZsyGxrg/viewform?usp=pp_url&entry.580385001="&C96&"&entry.1376952895="&A96) -> https://docs.google.com/forms/d/e/1FAIpQLSdhNamFeglgVtt555M7xM7e8ZAg9KCWMEcDlLzX1oeZsyGxrg/viewform?usp=pp_url&entry.580385001=L-BOP-155&entry.1376952895=Bopp Film 17 inch Normal Matt | E96: =IFERROR(IF(C96<>"",VLOOKUP(C96,IMS!$A$2:$E1000,5,0),""),"") -> 0
A97: =IFERROR(__xludf.DUMMYFUNCTION("""COMPUTED_VALUE"""),"Bopp Film 15 inch Gloss") -> Bopp Film 15 inch Gloss | B97: =IFERROR(__xludf.DUMMYFUNCTION("""COMPUTED_VALUE"""),"Lamination") -> Lamination | C97: =IFERROR(__xludf.DUMMYFUNCTION("""COMPUTED_VALUE"""),"L-BOP-156") -> L-BOP-156 | D97: =IF(COUNTIF('Form responses 4'!B:B,C97)>0, "", "https://docs.google.com/forms/d/e/1FAIpQLSdhNamFeglgVtt555M7xM7e8ZAg9KCWMEcDlLzX1oeZsyGxrg/viewform?usp=pp_url&entry.580385001="&C97&"&entry.1376952895="&A97) -> https://docs.google.com/forms/d/e/1FAIpQLSdhNamFeglgVtt555M7xM7e8ZAg9KCWMEcDlLzX1oeZsyGxrg/viewform?usp=pp_url&entry.580385001=L-BOP-156&entry.1376952895=Bopp Film 15 inch Gloss | E97: =IFERROR(IF(C97<>"",VLOOKUP(C97,IMS!$A$2:$E1000,5,0),""),"") -> 0
A98: =IFERROR(__xludf.DUMMYFUNCTION("""COMPUTED_VALUE"""),"Bopp Film 11.5 inch Gloss") -> Bopp Film 11.5 inch Gloss | B98: =IFERROR(__xludf.DUMMYFUNCTION("""COMPUTED_VALUE"""),"Lamination") -> Lamination | C98: =IFERROR(__xludf.DUMMYFUNCTION("""COMPUTED_VALUE"""),"L-BOP-157") -> L-BOP-157 | D98: =IF(COUNTIF('Form responses 4'!B:B,C98)>0, "", "https://docs.google.com/forms/d/e/1FAIpQLSdhNamFeglgVtt555M7xM7e8ZAg9KCWMEcDlLzX1oeZsyGxrg/viewform?usp=pp_url&entry.580385001="&C98&"&entry.1376952895="&A98) -> https://docs.google.com/forms/d/e/1FAIpQLSdhNamFeglgVtt555M7xM7e8ZAg9KCWMEcDlLzX1oeZsyGxrg/viewform?usp=pp_url&entry.580385001=L-BOP-157&entry.1376952895=Bopp Film 11.5 inch Gloss | E98: =IFERROR(IF(C98<>"",VLOOKUP(C98,IMS!$A$2:$E1000,5,0),""),"") -> 1
A99: =IFERROR(__xludf.DUMMYFUNCTION("""COMPUTED_VALUE"""),"Bopp Film 12.5 inch Gloss") -> Bopp Film 12.5 inch Gloss | B99: =IFERROR(__xludf.DUMMYFUNCTION("""COMPUTED_VALUE"""),"Lamination") -> Lamination | C99: =IFERROR(__xludf.DUMMYFUNCTION("""COMPUTED_VALUE"""),"L-BOP-158") -> L-BOP-158 | D99: =IF(COUNTIF('Form responses 4'!B:B,C99)>0, "", "https://docs.google.com/forms/d/e/1FAIpQLSdhNamFeglgVtt555M7xM7e8ZAg9KCWMEcDlLzX1oeZsyGxrg/viewform?usp=pp_url&entry.580385001="&C99&"&entry.1376952895="&A99) -> https://docs.google.com/forms/d/e/1FAIpQLSdhNamFeglgVtt555M7xM7e8ZAg9KCWMEcDlLzX1oeZsyGxrg/viewform?usp=pp_url&entry.580385001=L-BOP-158&entry.1376952895=Bopp Film 12.5 inch Gloss | E99: =IFERROR(IF(C99<>"",VLOOKUP(C99,IMS!$A$2:$E1000,5,0),""),"") -> 1
A100: =IFERROR(__xludf.DUMMYFUNCTION("""COMPUTED_VALUE"""),"Pvc 15inch") -> Pvc 15inch | B100: =IFERROR(__xludf.DUMMYFUNCTION("""COMPUTED_VALUE"""),"Lamination") -> Lamination | C100: =IFERROR(__xludf.DUMMYFUNCTION("""COMPUTED_VALUE"""),"L-POL-159") -> L-POL-159 | D100: =IF(COUNTIF('Form responses 4'!B:B,C100)>0, "", "https://docs.google.com/forms/d/e/1FAIpQLSdhNamFeglgVtt555M7xM7e8ZAg9KCWMEcDlLzX1oeZsyGxrg/viewform?usp=pp_url&entry.580385001="&C100&"&entry.1376952895="&A100) -> https://docs.google.com/forms/d/e/1FAIpQLSdhNamFeglgVtt555M7xM7e8ZAg9KCWMEcDlLzX1oeZsyGxrg/viewform?usp=pp_url&entry.580385001=L-POL-159&entry.1376952895=Pvc 15inch | E100: =IFERROR(IF(C100<>"",VLOOKUP(C100,IMS!$A$2:$E1000,5,0),""),"") -> 1
...

Sheet Form responses 2
A1: Timestamp | B1: Job Number | C1: Item Code | D1: Item quantity(Sheet/Kg/Ltr)
A2: 46055.438 | B2: 506 | C2: P-MAP-178 | D2: 1000
A3: 46055.441 | B3: 507 | C3: P-SBS-180 | D3: 6000
A4: 46055.441 | B4: 508 | C4: P-SBS-182 | D4: 500
A5: 46055.441 | B5: 508 | C5: P-SBS-005 | D5: 200
A6: 46055.483 | B6: 509 | C6: P-SBS-180 | D6: 400
A7: 46055.483 | B7: 512 | C7: P-ART-177 | D7: 700
A8: 46055.524 | B8: 510 | C8: P-SBS-002 | D8: 1400
A9: 46055.566 | B9: 511 | C9: P-SBS-181 | D9: 1400
A10: 46055.566 | B10: 513 | C10: - | D10: 350
A11: 46056.752 | B11: 514 | C11: P-SBS-002 | D11: 500
A12: 46056.752 | B12: 515 | C12: P-SBS-005 | D12: 600
A13: 46056.752 | B13: 516 | C13: P-SBS-034 | D13: 900
... A35: 46066.597 | B35: 543 | C35: P-SBS-191 | D35: 1100

Sheet Item List
A1: Item Name | B1: Category | C1: Material | D1: Size | E1: Gsm/Mic | F1: Color | G1: Finish/Extra | H1: Unit | I1: SKU CODE | J1: Status | K1: Average Daily Consumption | L1: Lead Time (From Indent to Receipt) | M1: 1 | N1: MOQ | O1: {={"Max Level";IF($K$2:$K998,$K$2:$K998 * $L$2:$L998 * $M$2:$M998, "")}} -> Max Level | P1: Material In Transit | Q1: Days of Stock Remaining | R1: Calc Method | S1: Issue Interval (Days)
A2: Sbs Paper 23X36 330Gsm White | B2: Paper | C2: Sbs Paper | D2: 23X36 | E2: 330Gsm | F2: White | G2: – | H2: Sheet | I2: =IFERROR(__xludf.DUMMYFUNCTION("IF(A2="""","""", TEXTJOIN(""-"",TRUE, IFERROR( INDEX(FILTER(CFG_CODES!C:C, CFG_CODES!A:A=""CATEGORY"", UPPER(CFG_CODES!B:B)=UPPER(B2))), LEFT(UPPER(B2),3) ), IFERROR( INDEX(FILTER(CFG_CODES!C:C, CFG_CODES!A:A=""MATERIAL"", UPPER(CFG_CODES!B:B)=UPPER"&"(C2))), LEFT(UPPER(C2),3) ), TEXT(ROW()-1,""000"") ))"),"P-SBS-001") -> P-SBS-001 | J2: Yes | K2: 23.71134 | L2: 2 | M2: 1 | N2: 200 | O2: 47.42268 | Q2: 0 | R2: No
A3: Sbs Paper 23X36 330Gsm Cream | B3: Paper | C3: Sbs Paper | D3: 23X36 | E3: 330Gsm | F3: Cream | G3: – | H3: Sheet | I3: =IFERROR(__xludf.DUMMYFUNCTION("IF(A3="""","""", TEXTJOIN(""-"",TRUE, IFERROR( INDEX(FILTER(CFG_CODES!C:C, CFG_CODES!A:A=""CATEGORY"", UPPER(CFG_CODES!B:B)=UPPER(B3))), LEFT(UPPER(B3),3) ), IFERROR( INDEX(FILTER(CFG_CODES!C:C, CFG_CODES!A:A=""MATERIAL"", UPPER(CFG_CODES!B:B)=UPPER"&"(C3))), LEFT(UPPER(C3),3) ), TEXT(ROW()-1,""000"") ))"),"P-SBS-002") -> P-SBS-002 | J3: Yes | K3: 32.989691 | L3: 2 | M3: 2 | N3: 200 | O3: 131.95876 | Q3: 0 | R3: No
A4: Sbs Paper 23X36 300Gsm White | B4: Paper | C4: Sbs Paper | D4: 23X36 | E4: 300Gsm | F4: White | G4: – | H4: Sheet | I4: =IFERROR(__xludf.DUMMYFUNCTION("IF(A4="""","""", TEXTJOIN(""-"",TRUE, IFERROR( INDEX(FILTER(CFG_CODES!C:C, CFG_CODES!A:A=""CATEGORY"", UPPER(CFG_CODES!B:B)=UPPER(B4))), LEFT(UPPER(B4),3) ), IFERROR( INDEX(FILTER(CFG_CODES!C:C, CFG_CODES!A:A=""MATERIAL"", UPPER(CFG_CODES!B:B)=UPPER"&"(C4))), LEFT(UPPER(C4),3) ), TEXT(ROW()-1,""000"") ))"),"P-SBS-003") -> P-SBS-003 | J4: Yes | K4: 34.020619 | L4: 2 | M4: 0.5 | N4: 200 | O4: 34.020619 | Q4: 0 | R4: No
A5: Sbs Paper 23X39 350Gsm | B5: Paper | C5: Sbs Paper | D5: 23X39 | E5: 350Gsm | F5: – | G5: – | H5: Sheet | I5: =IFERROR(__xludf.DUMMYFUNCTION("IF(A5="""","""", TEXTJOIN(""-"",TRUE, IFERROR( INDEX(FILTER(CFG_CODES!C:C, CFG_CODES!A:A=""CATEGORY"", UPPER(CFG_CODES!B:B)=UPPER(B5))), LEFT(UPPER(B5),3) ), IFERROR( INDEX(FILTER(CFG_CODES!C:C, CFG_CODES!A:A=""MATERIAL"", UPPER(CFG_CODES!B:B)=UPPER"&"(C5))), LEFT(UPPER(C5),3) ), TEXT(ROW()-1,""000"") ))"),"P-SBS-004") -> P-SBS-004 | J5: Yes | K5: 18.556701 | L5: 2 | M5: 20 | N5: 200 | O5: 742.26804 | Q5: 0 | R5: No
A6: Sbs Paper 23X39 325Gsm | B6: Paper | C6: Sbs Paper | D6: 23X39 | E6: 325Gsm | F6: – | G6: – | H6: Sheet | I6: =IFERROR(__xludf.DUMMYFUNCTION("IF(A6="""","""", TEXTJOIN(""-"",TRUE, IFERROR( INDEX(FILTER(CFG_CODES!C:C, CFG_CODES!A:A=""CATEGORY"", UPPER(CFG_CODES!B:B)=UPPER(B6))), LEFT(UPPER(B6),3) ), IFERROR( INDEX(FILTER(CFG_CODES!C:C, CFG_CODES!A:A=""MATERIAL"", UPPER(CFG_CODES!B:B)=UPPER"&"(C6))), LEFT(UPPER(C6),3) ), TEXT(ROW()-1,""000"") ))"),"P-SBS-005") -> P-SBS-005 | J6: Yes | K6: 39.175258 | L6: 2 | M6: 2 | N6: 200 | O6: 156.70103 | Q6: 10 | R6: No
A7: Sbs Paper 23X36 300Gsm Cream | B7: Paper | C7: Sbs Paper | D7: 23X36 | E7: 300Gsm | F7: Cream | G7: – | H7: Sheet | I7: =IFERROR(__xludf.DUMMYFUNCTION("IF(A7="""","""", TEXTJOIN(""-"",TRUE, IFERROR( INDEX(FILTER(CFG_CODES!C:C, CFG_CODES!A:A=""CATEGORY"", UPPER(CFG_CODES!B:B)=UPPER(B7))), LEFT(UPPER(B7),3) ), IFERROR( INDEX(FILTER(CFG_CODES!C:C, CFG_CODES!A:A=""MATERIAL"", UPPER(CFG_CODES!B:B)=UPPER"&"(C7))), LEFT(UPPER(C7),3) ), TEXT(ROW()-1,""000"") ))"),"P-SBS-006") -> P-SBS-006 | J7: Yes | K7: 40.206186 | L7: 2 | M7: 2 | N7: 200 | O7: 160.82474 | Q7: 0 | R7: No
A8: Sbs Paper 25X36 325Gsm Cream | B8: Paper | C8: Sbs Paper | D8: 25X36 | E8: 325Gsm | F8: Cream | G8: – | H8: Sheet | I8: =IFERROR(__xludf.DUMMYFUNCTION("IF(A8="""","""", TEXTJOIN(""-"",TRUE, IFERROR( INDEX(FILTER(CFG_CODES!C:C, CFG_CODES!A:A=""CATEGORY"", UPPER(CFG_CODES!B:B)=UPPER(B8))), LEFT(UPPER(B8),3) ), IFERROR( INDEX(FILTER(CFG_CODES!C:C, CFG_CODES!A:A=""MATERIAL"", UPPER(CFG_CODES!B:B)=UPPER"&"(C8))), LEFT(UPPER(C8),3) ), TEXT(ROW()-1,""000"") ))"),"P-SBS-007") -> P-SBS-007 | J8: Yes | K8: 55.670103 | L8: 2 | M8: 5 | N8: 200 | O8: 556.70103 | Q8: 0 | R8: No
A9: Sbs Paper 25X36 325Gsm White | B9: Paper | C9: Sbs Paper | D9: 25X36 | E9: 325Gsm | F9: White | G9: – | H9: Sheet | I9: =IFERROR(__xludf.DUMMYFUNCTION("IF(A9="""","""", TEXTJOIN(""-"",TRUE, IFERROR( INDEX(FILTER(CFG_CODES!C:C, CFG_CODES!A:A=""CATEGORY"", UPPER(CFG_CODES!B:B)=UPPER(B9))), LEFT(UPPER(B9),3) ), IFERROR( INDEX(FILTER(CFG_CODES!C:C, CFG_CODES!A:A=""MATERIAL"", UPPER(CFG_CODES!B:B)=UPPER"&"(C9))), LEFT(UPPER(C9),3) ), TEXT(ROW()-1,""000"") ))"),"P-SBS-008") -> P-SBS-008 | J9: Yes | K9: 1.5463918 | L9: 2 | M9: 6 | N9: 200 | O9: 18.556701 | Q9: 0 | R9: No
A10: Sbs Paper 31.5X41.5 350Gsm Cream | B10: Paper | C10: Sbs Paper | D10: 31.5X41.5 | E10: 350Gsm | F10: Cream | G10: – | H10: Sheet | I10: =IFERROR(__xludf.DUMMYFUNCTION("IF(A10="""","""", TEXTJOIN(""-"",TRUE, IFERROR( INDEX(FILTER(CFG_CODES!C:C, CFG_CODES!A:A=""CATEGORY"", UPPER(CFG_CODES!B:B)=UPPER(B10))), LEFT(UPPER(B10),3) ), IFERROR( INDEX(FILTER(CFG_CODES!C:C, CFG_CODES!A:A=""MATERIAL"", UPPER(CFG_CODES!B:B)=UP"&"PER(C10))), LEFT(UPPER(C10),3) ), TEXT(ROW()-1,""000"") ))"),"P-SBS-009") -> P-SBS-009 | J10: Yes | K10: 6.9072165 | L10: 2 | M10: 6 | N10: 200 | O10: 82.886598 | Q10: 77 | R10: No
A11: Sbs Paper 26X38 345Gsm Cream | B11: Paper | C11: Sbs Paper | D11: 26X38 | E11: 345Gsm | F11: Cream | G11: – | H11: Sheet | I11: =IFERROR(__xludf.DUMMYFUNCTION("IF(A11="""","""", TEXTJOIN(""-"",TRUE, IFERROR( INDEX(FILTER(CFG_CODES!C:C, CFG_CODES!A:A=""CATEGORY"", UPPER(CFG_CODES!B:B)=UPPER(B11))), LEFT(UPPER(B11),3) ), IFERROR( INDEX(FILTER(CFG_CODES!C:C, CFG_CODES!A:A=""MATERIAL"", UPPER(CFG_CODES!B:B)=UP"&"PER(C11))), LEFT(UPPER(C11),3) ), TEXT(ROW()-1,""000"") ))"),"P-SBS-010") -> P-SBS-010 | J11: Yes | K11: 10.309278 | L11: 2 | M11: 6 | N11: 200 | O11: 123.71134 | Q11: 39 | R11: No
A12: Sbs Paper 22X32 330Gsm Cream | B12: Paper | C12: Sbs Paper | D12: 22X32 | E12: 330Gsm | F12: Cream | G12: – | H12: Sheet | I12: =IFERROR(__xludf.DUMMYFUNCTION("IF(A12="""","""", TEXTJOIN(""-"",TRUE, IFERROR( INDEX(FILTER(CFG_CODES!C:C, CFG_CODES!A:A=""CATEGORY"", UPPER(CFG_CODES!B:B)=UPPER(B12))), LEFT(UPPER(B12),3) ), IFERROR( INDEX(FILTER(CFG_CODES!C:C, CFG_CODES!A:A=""MATERIAL"", UPPER(CFG_CODES!B:B)=UP"&"PER(C12))), LEFT(UPPER(C12),3) ), TEXT(ROW()-1,""000"") ))"),"P-SBS-011") -> P-SBS-011 | J12: Yes | K12: 35.051546 | L12: 2 | M12: 6 | N12: 200 | O12: 420.61856 | Q12: 0 | R12: No
A13: Sbs Paper 22X32 300Gsm Cream | B13: Paper | C13: Sbs Paper | D13: 22X32 | E13: 300Gsm | F13: Cream | G13: – | H13: Sheet | I13: =IFERROR(__xludf.DUMMYFUNCTION("IF(A13="""","""", TEXTJOIN(""-"",TRUE, IFERROR( INDEX(FILTER(CFG_CODES!C:C, CFG_CODES!A:A=""CATEGORY"", UPPER(CFG_CODES!B:B)=UPPER(B13))), LEFT(UPPER(B13),3) ), IFERROR( INDEX(FILTER(CFG_CODES!C:C, CFG_CODES!A:A=""MATERIAL"", UPPER(CFG_CODES!B:B)=UP"&"PER(C13))), LEFT(UPPER(C13),3) ), TEXT(ROW()-1,""000"") ))"),"P-SBS-012") -> P-SBS-012 | J13: Yes | K13: 6.185567 | L13: 2 | M13: 6 | N13: 200 | O13: 74.226804 | Q13: 162 | R13: No
A14: Sbs Paper 22X28 330Gsm White | B14: Paper | C14: Sbs Paper | D14: 22X28 | E14: 330Gsm | F14: White | G14: – | H14: Sheet | I14: =IFERROR(__xludf.DUMMYFUNCTION("IF(A14="""","""", TEXTJOIN(""-"",TRUE, IFERROR( INDEX(FILTER(CFG_CODES!C:C, CFG_CODES!A:A=""CATEGORY"", UPPER(CFG_CODES!B:B)=UPPER(B14))), LEFT(UPPER(B14),3) ), IFERROR( INDEX(FILTER(CFG_CODES!C:C, CFG_CODES!A:A=""MATERIAL"", UPPER(CFG_CODES!B:B)=UP"&"PER(C14))), LEFT(UPPER(C14),3) ), TEXT(ROW()-1,""000"") ))"),"P-SBS-013") -> P-SBS-013 | J14: Yes | K14: 55.670103 | L14: 2 | M14: 6 | N14: 200 | O14: 668.04124 | Q14: 0 | R14: No
A15: Sbs Paper 22X28 296Gsm Cream | B15: Paper | C15: Sbs Paper | D15: 22X28 | E15: 296Gsm | F15: Cream | G15: – | H15: Sheet | I15: =IFERROR(__xludf.DUMMYFUNCTION("IF(A15="""","""", TEXTJOIN(""-"",TRUE, IFERROR( INDEX(FILTER(CFG_CODES!C:C, CFG_CODES!A:A=""CATEGORY"", UPPER(CFG_CODES!B:B)=UPPER(B15))), LEFT(UPPER(B15),3) ), IFERROR( INDEX(FILTER(CFG_CODES!C:C, CFG_CODES!A:A=""MATERIAL"", UPPER(CFG_CODES!B:B)=UP"&"PER(C15))), LEFT(UPPER(C15),3) ), TEXT(ROW()-1,""000"") ))"),"P-SBS-014") -> P-SBS-014 | J15: Yes | K15: 8.2474227 | L15: 2 | M15: 6 | N15: 200 | O15: 98.969072 | Q15: 0 | R15: No
A16: Sbs Paper 22X28 320Gsm | B16: Paper | C16: Sbs Paper | D16: 22X28 | E16: 320Gsm | F16: – | G16: – | H16: Sheet | I16: =IFERROR(__xludf.DUMMYFUNCTION("IF(A16="""","""", TEXTJOIN(""-"",TRUE, IFERROR( INDEX(FILTER(CFG_CODES!C:C, CFG_CODES!A:A=""CATEGORY"", UPPER(CFG_CODES!B:B)=UPPER(B16))), LEFT(UPPER(B16),3) ), IFERROR( INDEX(FILTER(CFG_CODES!C:C, CFG_CODES!A:A=""MATERIAL"", UPPER(CFG_CODES!B:B)=UP"&"PER(C16))), LEFT(UPPER(C16),3) ), TEXT(ROW()-1,""000"") ))"),"P-SBS-015") -> P-SBS-015 | J16: Yes | K16: 45.876289 | L16: 2 | M16: 6 | N16: 200 | O16: 550.51546 | Q16: 10 | R16: No
A17: Sbs Paper 25X30 320Gsm Cream | B17: Paper | C17: Sbs Paper | D17: 25X30 | E17: 320Gsm | F17: Cream | G17: – | H17: Sheet | I17: =IFERROR(__xludf.DUMMYFUNCTION("IF(A17="""","""", TEXTJOIN(""-"",TRUE, IFERROR( INDEX(FILTER(CFG_CODES!C:C, CFG_CODES!A:A=""CATEGORY"", UPPER(CFG_CODES!B:B)=UPPER(B17))), LEFT(UPPER(B17),3) ), IFERROR( INDEX(FILTER(CFG_CODES!C:C, CFG_CODES!A:A=""MATERIAL"", UPPER(CFG_CODES!B:B)=UP"&"PER(C17))), LEFT(UPPER(C17),3) ), TEXT(ROW()-1,""000"") ))"),"P-SBS-016") -> P-SBS-016 | J17: Yes | K17: 16.494845 | L17: 2 | M17: 6 | N17: 200 | O17: 197.93814 | Q17: 49 | R17: No
A18: Sbs Paper 21X36 340Gsm Cream | B18: Paper | C18: Sbs Paper | D18: 21X36 | E18: 340Gsm | F18: Cream | G18: – | H18: Sheet | I18: =IFERROR(__xludf.DUMMYFUNCTION("IF(A18="""","""", TEXTJOIN(""-"",TRUE, IFERROR( INDEX(FILTER(CFG_CODES!C:C, CFG_CODES!A:A=""CATEGORY"", UPPER(CFG_CODES!B:B)=UPPER(B18))), LEFT(UPPER(B18),3) ), IFERROR( INDEX(FILTER(CFG_CODES!C:C, CFG_CODES!A:A=""MATERIAL"", UPPER(CFG_CODES!B:B)=UP"&"PER(C18))), LEFT(UPPER(C18),3) ), TEXT(ROW()-1,""000"") ))"),"P-SBS-017") -> P-SBS-017 | J18: Yes | K18: 25.773196 | L18: 2 | M18: 6 | N18: 200 | O18: 309.27835 | Q18: 0 | R18: No
A19: Sbs Paper 25X36 300Gsm | B19: Paper | C19: Sbs Paper | D19: 25X36 | E19: 300Gsm | F19: – | G19: – | H19: Sheet | I19: =IFERROR(__xludf.DUMMYFUNCTION("IF(A19="""","""", TEXTJOIN(""-"",TRUE, IFERROR( INDEX(FILTER(CFG_CODES!C:C, CFG_CODES!A:A=""CATEGORY"", UPPER(CFG_CODES!B:B)=UPPER(B19))), LEFT(UPPER(B19),3) ), IFERROR( INDEX(FILTER(CFG_CODES!C:C, CFG_CODES!A:A=""MATERIAL"", UPPER(CFG_CODES!B:B)=UP"&"PER(C19))), LEFT(UPPER(C19),3) ), TEXT(ROW()-1,""000"") ))"),"P-SBS-018") -> P-SBS-018 | J19: Yes | K19: 24.742268 | L19: 2 | M19: 6 | N19: 200 | O19: 296.90722 | Q19: 16 | R19: No
A20: Sbs Paper 24X27 300Gsm White | B20: Paper | C20: Sbs Paper | D20: 24X27 | E20: 300Gsm | F20: White | G20: – | H20: Sheet | I20: =IFERROR(__xludf.DUMMYFUNCTION("IF(A20="""","""", TEXTJOIN(""-"",TRUE, IFERROR( INDEX(FILTER(CFG_CODES!C:C, CFG_CODES!A:A=""CATEGORY"", UPPER(CFG_CODES!B:B)=UPPER(B20))), LEFT(UPPER(B20),3) ), IFERROR( INDEX(FILTER(CFG_CODES!C:C, CFG_CODES!A:A=""MATERIAL"", UPPER(CFG_CODES!B:B)=UP"&"PER(C20))), LEFT(UPPER(C20),3) ), TEXT(ROW()-1,""000"") ))"),"P-SBS-019") -> P-SBS-019 | J20: Yes | K20: 0 | L20: 2 | M20: 6 | N20: 200 | R20: No
A21: Sbs Paper 31.5X41.5 380Gsm Cream | B21: Paper | C21: Sbs Paper | D21: 31.5X41.5 | E21: 380Gsm | F21: Cream | G21: – | H21: Sheet | I21: =IFERROR(__xludf.DUMMYFUNCTION("IF(A21="""","""", TEXTJOIN(""-"",TRUE, IFERROR( INDEX(FILTER(CFG_CODES!C:C, CFG_CODES!A:A=""CATEGORY"", UPPER(CFG_CODES!B:B)=UPPER(B21))), LEFT(UPPER(B21),3) ), IFERROR( INDEX(FILTER(CFG_CODES!C:C, CFG_CODES!A:A=""MATERIAL"", UPPER(CFG_CODES!B:B)=UP"&"PER(C21))), LEFT(UPPER(C21),3) ), TEXT(ROW()-1,""000"") ))"),"P-SBS-020") -> P-SBS-020 | J21: Yes | K21: 49.484536 | L21: 2 | M21: 6 | N21: 200 | O21: 593.81443 | Q21: 0 | R21: No
A22: Sbs Paper 25X31 330Gsm White | B22: Paper | C22: Sbs Paper | D22: 25X31 | E22: 330Gsm | F22: White | G22: – | H22: Sheet | I22: =IFERROR(__xludf.DUMMYFUNCTION("IF(A22="""","""", TEXTJOIN(""-"",TRUE, IFERROR( INDEX(FILTER(CFG_CODES!C:C, CFG_CODES!A:A=""CATEGORY"", UPPER(CFG_CODES!B:B)=UPPER(B22))), LEFT(UPPER(B22),3) ), IFERROR( INDEX(FILTER(CFG_CODES!C:C, CFG_CODES!A:A=""MATERIAL"", UPPER(CFG_CODES!B:B)=UP"&"PER(C22))), LEFT(UPPER(C22),3) ), TEXT(ROW()-1,""000"") ))"),"P-SBS-021") -> P-SBS-021 | J22: Yes | K22: 0 | L22: 2 | M22: 6 | N22: 200 | R22: No
A23: Sbs Paper 22X31 330Gsm White | B23: Paper | C23: Sbs Paper | D23: 22X31 | E23: 330Gsm | F23: White | G23: – | H23: Sheet | I23: =IFERROR(__xludf.DUMMYFUNCTION("IF(A23="""","""", TEXTJOIN(""-"",TRUE, IFERROR( INDEX(FILTER(CFG_CODES!C:C, CFG_CODES!A:A=""CATEGORY"", UPPER(CFG_CODES!B:B)=UPPER(B23))), LEFT(UPPER(B23),3) ), IFERROR( INDEX(FILTER(CFG_CODES!C:C, CFG_CODES!A:A=""MATERIAL"", UPPER(CFG_CODES!B:B)=UP"&"PER(C23))), LEFT(UPPER(C23),3) ), TEXT(ROW()-1,""000"") ))"),"P-SBS-022") -> P-SBS-022 | J23: Yes | K23: 4.1237113 | L23: 2 | M23: 6 | N23: 200 | O23: 49.484536 | Q23: 0 | R23: No
A24: Sbs Paper 22X31 340Gsm Cream | B24: Paper | C24: Sbs Paper | D24: 22X31 | E24: 340Gsm | F24: Cream | G24: – | H24: Sheet | I24: =IFERROR(__xludf.DUMMYFUNCTION("IF(A24="""","""", TEXTJOIN(""-"",TRUE, IFERROR( INDEX(FILTER(CFG_CODES!C:C, CFG_CODES!A:A=""CATEGORY"", UPPER(CFG_CODES!B:B)=UPPER(B24))), LEFT(UPPER(B24),3) ), IFERROR( INDEX(FILTER(CFG_CODES!C:C, CFG_CODES!A:A=""MATERIAL"", UPPER(CFG_CODES!B:B)=UP"&"PER(C24))), LEFT(UPPER(C24),3) ), TEXT(ROW()-1,""000"") ))"),"P-SBS-023") -> P-SBS-023 | J24: Yes | K24: 10.309278 | L24: 2 | M24: 6 | N24: 200 | O24: 123.71134 | Q24: 19 | R24: No
A25: Sbs Paper 25X33 325Gsm Cream | B25: Paper | C25: Sbs Paper | D25: 25X33 | E25: 325Gsm | F25: Cream | G25: – | H25: Sheet | I25: =IFERROR(__xludf.DUMMYFUNCTION("IF(A25="""","""", TEXTJOIN(""-"",TRUE, IFERROR( INDEX(FILTER(CFG_CODES!C:C, CFG_CODES!A:A=""CATEGORY"", UPPER(CFG_CODES!B:B)=UPPER(B25))), LEFT(UPPER(B25),3) ), IFERROR( INDEX(FILTER(CFG_CODES!C:C, CFG_CODES!A:A=""MATERIAL"", UPPER(CFG_CODES!B:B)=UP"&"PER(C25))), LEFT(UPPER(C25),3) ), TEXT(ROW()-1,""000"") ))"),"P-SBS-024") -> P-SBS-024 | J25: Yes | K25: 15.463918 | L25: 2 | M25: 6 | N25: 200 | O25: 185.56701 | Q25: 32 | R25: No
A26: Sbs Paper 20.75X32 320Gsm Cream | B26: Paper | C26: Sbs Paper | D26: 20.75X32 | E26: 320Gsm | F26: Cream | G26: – | H26: Sheet | I26: =IFERROR(__xludf.DUMMYFUNCTION("IF(A26="""","""", TEXTJOIN(""-"",TRUE, IFERROR( INDEX(FILTER(CFG_CODES!C:C, CFG_CODES!A:A=""CATEGORY"", UPPER(CFG_CODES!B:B)=UPPER(B26))), LEFT(UPPER(B26),3) ), IFERROR( INDEX(FILTER(CFG_CODES!C:C, CFG_CODES!A:A=""MATERIAL"", UPPER(CFG_CODES!B:B)=UP"&"PER(C26))), LEFT(UPPER(C26),3) ), TEXT(ROW()-1,""000"") ))"),"P-SBS-025") -> P-SBS-025 | J26: Yes | K26: 14.43299 | L26: 2 | M26: 6 | N26: 200 | O26: 173.19588 | Q26: 42 | R26: No
A27: Sbs Paper 22.5X34 195Gsm White | B27: Paper | C27: Sbs Paper | D27: 22.5X34 | E27: 195Gsm | F27: White | G27: – | H27: Sheet | I27: =IFERROR(__xludf.DUMMYFUNCTION("IF(A27="""","""", TEXTJOIN(""-"",TRUE, IFERROR( INDEX(FILTER(CFG_CODES!C:C, CFG_CODES!A:A=""CATEGORY"", UPPER(CFG_CODES!B:B)=UPPER(B27))), LEFT(UPPER(B27),3) ), IFERROR( INDEX(FILTER(CFG_CODES!C:C, CFG_CODES!A:A=""MATERIAL"", UPPER(CFG_CODES!B:B)=UP"&"PER(C27))), LEFT(UPPER(C27),3) ), TEXT(ROW()-1,""000"") ))"),"P-SBS-026") -> P-SBS-026 | J27: Yes | K27: 0 | L27: 2 | M27: 6 | N27: 200 | R27: No
A28: Sbs Paper 28X31 330Gsm Cream | B28: Paper | C28: Sbs Paper | D28: 28X31 | E28: 330Gsm | F28: Cream | G28: – | H28: Sheet | I28: =IFERROR(__xludf.DUMMYFUNCTION("IF(A28="""","""", TEXTJOIN(""-"",TRUE, IFERROR( INDEX(FILTER(CFG_CODES!C:C, CFG_CODES!A:A=""CATEGORY"", UPPER(CFG_CODES!B:B)=UPPER(B28))), LEFT(UPPER(B28),3) ), IFERROR( INDEX(FILTER(CFG_CODES!C:C, CFG_CODES!A:A=""MATERIAL"", UPPER(CFG_CODES!B:B)=UP"&"PER(C28))), LEFT(UPPER(C28),3) ), TEXT(ROW()-1,""000"") ))"),"P-SBS-027") -> P-SBS-027 | J28: Yes | K28: 9.2783505 | L28: 2 | M28: 6 | N28: 200 | O28: 111.34021 | Q28: 0 | R28: No
A29: Sbs Paper 25X35 400Gsm Cream | B29: Paper | C29: Sbs Paper | D29: 25X35 | E29: 400Gsm | F29: Cream | G29: – | H29: Sheet | I29: =IFERROR(__xludf.DUMMYFUNCTION("IF(A29="""","""", TEXTJOIN(""-"",TRUE, IFERROR( INDEX(FILTER(CFG_CODES!C:C, CFG_CODES!A:A=""CATEGORY"", UPPER(CFG_CODES!B:B)=UPPER(B29))), LEFT(UPPER(B29),3) ), IFERROR( INDEX(FILTER(CFG_CODES!C:C, CFG_CODES!A:A=""MATERIAL"", UPPER(CFG_CODES!B:B)=UP"&"PER(C29))), LEFT(UPPER(C29),3) ), TEXT(ROW()-1,""000"") ))"),"P-SBS-028") -> P-SBS-028 | J29: Yes | K29: 8.2474227 | L29: 2 | M29: 6 | N29: 200 | O29: 98.969072 | Q29: 0 | R29: No
A30: Sbs Paper 30X40 216Gsm Cream | B30: Paper | C30: Sbs Paper | D30: 30X40 | E30: 216Gsm | F30: Cream | G30: – | H30: Sheet | I30: =IFERROR(__xludf.DUMMYFUNCTION("IF(A30="""","""", TEXTJOIN(""-"",TRUE, IFERROR( INDEX(FILTER(CFG_CODES!C:C, CFG_CODES!A:A=""CATEGORY"", UPPER(CFG_CODES!B:B)=UPPER(B30))), LEFT(UPPER(B30),3) ), IFERROR( INDEX(FILTER(CFG_CODES!C:C, CFG_CODES!A:A=""MATERIAL"", UPPER(CFG_CODES!B:B)=UP"&"PER(C30))), LEFT(UPPER(C30),3) ), TEXT(ROW()-1,""000"") ))"),"P-SBS-029") -> P-SBS-029 | J30: Yes | K30: 8.2474227 | L30: 2 | M30: 6 | N30: 200 | O30: 98.969072 | Q30: 0 | R30: No
A31: Sbs Paper 18X24 326Gsm Cream | B31: Paper | C31: Sbs Paper | D31: 18X24 | E31: 326Gsm | F31: Cream | G31: – | H31: Sheet | I31: =IFERROR(__xludf.DUMMYFUNCTION("IF(A31="""","""", TEXTJOIN(""-"",TRUE, IFERROR( INDEX(FILTER(CFG_CODES!C:C, CFG_CODES!A:A=""CATEGORY"", UPPER(CFG_CODES!B:B)=UPPER(B31))), LEFT(UPPER(B31),3) ), IFERROR( INDEX(FILTER(CFG_CODES!C:C, CFG_CODES!A:A=""MATERIAL"", UPPER(CFG_CODES!B:B)=UP"&"PER(C31))), LEFT(UPPER(C31),3) ), TEXT(ROW()-1,""000"") ))"),"P-SBS-030") -> P-SBS-030 | J31: Yes | K31: 0 | L31: 2 | M31: 6 | N31: 200 | R31: No
A32: Sbs Paper 28X27.5 350Gsm Cream | B32: Paper | C32: Sbs Paper | D32: 28X27.5 | E32: 350Gsm | F32: Cream | G32: – | H32: Sheet | I32: =IFERROR(__xludf.DUMMYFUNCTION("IF(A32="""","""", TEXTJOIN(""-"",TRUE, IFERROR( INDEX(FILTER(CFG_CODES!C:C, CFG_CODES!A:A=""CATEGORY"", UPPER(CFG_CODES!B:B)=UPPER(B32))), LEFT(UPPER(B32),3) ), IFERROR( INDEX(FILTER(CFG_CODES!C:C, CFG_CODES!A:A=""MATERIAL"", UPPER(CFG_CODES!B:B)=UP"&"PER(C32))), LEFT(UPPER(C32),3) ), TEXT(ROW()-1,""000"") ))"),"P-SBS-031") -> P-SBS-031 | J32: Yes | K32: 6.185567 | L32: 2 | M32: 6 | N32: 200 | O32: 74.226804 | Q32: 113 | R32: No
A33: Sbs Paper 16X22 330Gsm Cream | B33: Paper | C33: Sbs Paper | D33: 16X22 | E33: 330Gsm | F33: Cream | G33: – | H33: Sheet | I33: =IFERROR(__xludf.DUMMYFUNCTION("IF(A33="""","""", TEXTJOIN(""-"",TRUE, IFERROR( INDEX(FILTER(CFG_CODES!C:C, CFG_CODES!A:A=""CATEGORY"", UPPER(CFG_CODES!B:B)=UPPER(B33))), LEFT(UPPER(B33),3) ), IFERROR( INDEX(FILTER(CFG_CODES!C:C, CFG_CODES!A:A=""MATERIAL"", UPPER(CFG_CODES!B:B)=UP"&"PER(C33))), LEFT(UPPER(C33),3) ), TEXT(ROW()-1,""000"") ))"),"P-SBS-032") -> P-SBS-032 | J33: Yes | K33: 10.309278 | L33: 2 | M33: 6 | N33: 200 | O33: 123.71134 | Q33: 0 | R33: No
A34: Sbs Paper 25X38 330Gsm Cream | B34: Paper | C34: Sbs Paper | D34: 25X38 | E34: 330Gsm | F34: Cream | G34: – | H34: Sheet | I34: =IFERROR(__xludf.DUMMYFUNCTION("IF(A34="""","""", TEXTJOIN(""-"",TRUE, IFERROR( INDEX(FILTER(CFG_CODES!C:C, CFG_CODES!A:A=""CATEGORY"", UPPER(CFG_CODES!B:B)=UPPER(B34))), LEFT(UPPER(B34),3) ), IFERROR( INDEX(FILTER(CFG_CODES!C:C, CFG_CODES!A:A=""MATERIAL"", UPPER(CFG_CODES!B:B)=UP"&"PER(C34))), LEFT(UPPER(C34),3) ), TEXT(ROW()-1,""000"") ))"),"P-SBS-033") -> P-SBS-033 | J34: Yes | K34: 0 | L34: 2 | M34: 6 | N34: 200 | R34: No
A35: Sbs Paper 28X40 230Gsm Cream | B35: Paper | C35: Sbs Paper | D35: 28X40 | E35: 230Gsm | F35: Cream | G35: – | H35: Sheet | I35: =IFERROR(__xludf.DUMMYFUNCTION("IF(A35="""","""", TEXTJOIN(""-"",TRUE, IFERROR( INDEX(FILTER(CFG_CODES!C:C, CFG_CODES!A:A=""CATEGORY"", UPPER(CFG_CODES!B:B)=UPPER(B35))), LEFT(UPPER(B35),3) ), IFERROR( INDEX(FILTER(CFG_CODES!C:C, CFG_CODES!A:A=""MATERIAL"", UPPER(CFG_CODES!B:B)=UP"&"PER(C35))), LEFT(UPPER(C35),3) ), TEXT(ROW()-1,""000"") ))"),"P-SBS-034") -> P-SBS-034 | J35: Yes | K35: 94.845361 | L35: 2 | M35: 6 | N35: 200 | O35: 1138.1443 | Q35: 22 | R35: No
A36: Sbs Paper 28X40 340Gsm Cream | B36: Paper | C36: Sbs Paper | D36: 28X40 | E36: 340Gsm | F36: Cream | G36: – | H36: Sheet | I36: =IFERROR(__xludf.DUMMYFUNCTION("IF(A36="""","""", TEXTJOIN(""-"",TRUE, IFERROR( INDEX(FILTER(CFG_CODES!C:C, CFG_CODES!A:A=""CATEGORY"", UPPER(CFG_CODES!B:B)=UPPER(B36))), LEFT(UPPER(B36),3) ), IFERROR( INDEX(FILTER(CFG_CODES!C:C, CFG_CODES!A:A=""MATERIAL"", UPPER(CFG_CODES!B:B)=UP"&"PER(C36))), LEFT(UPPER(C36),3) ), TEXT(ROW()-1,""000"") ))"),"P-SBS-035") -> P-SBS-035 | J36: Yes | K36: 9.2783505 | L36: 2 | M36: 6 | N36: 200 | O36: 111.34021 | Q36: 0 | R36: No
A37: Sbs Paper 20X26 340Gsm Cream | B37: Paper | C37: Sbs Paper | D37: 20X26 | E37: 340Gsm | F37: Cream | G37: – | H37: Sheet | I37: =IFERROR(__xludf.DUMMYFUNCTION("IF(A37="""","""", TEXTJOIN(""-"",TRUE, IFERROR( INDEX(FILTER(CFG_CODES!C:C, CFG_CODES!A:A=""CATEGORY"", UPPER(CFG_CODES!B:B)=UPPER(B37))), LEFT(UPPER(B37),3) ), IFERROR( INDEX(FILTER(CFG_CODES!C:C, CFG_CODES!A:A=""MATERIAL"", UPPER(CFG_CODES!B:B)=UP"&"PER(C37))), LEFT(UPPER(C37),3) ), TEXT(ROW()-1,""000"") ))"),"P-SBS-036") -> P-SBS-036 | J37: Yes | K37: 6.185567 | L37: 2 | M37: 6 | N37: 200 | O37: 74.226804 | Q37: 32 | R37: No
A38: Sbs Paper 21X36 325Gsm Cream | B38: Paper | C38: Sbs Paper | D38: 21X36 | E38: 325Gsm | F38: Cream | G38: – | H38: Sheet | I38: =IFERROR(__xludf.DUMMYFUNCTION("IF(A38="""","""", TEXTJOIN(""-"",TRUE, IFERROR( INDEX(FILTER(CFG_CODES!C:C, CFG_CODES!A:A=""CATEGORY"", UPPER(CFG_CODES!B:B)=UPPER(B38))), LEFT(UPPER(B38),3) ), IFERROR( INDEX(FILTER(CFG_CODES!C:C, CFG_CODES!A:A=""MATERIAL"", UPPER(CFG_CODES!B:B)=UP"&"PER(C38))), LEFT(UPPER(C38),3) ), TEXT(ROW()-1,""000"") ))"),"P-SBS-037") -> P-SBS-037 | J38: Yes | K38: 37.113402 | L38: 2 | M38: 6 | N38: 200 | O38: 445.36082 | Q38: 0 | R38: No
A39: Art Card 23X36 350Gsm | B39: Paper | C39: Art Card | D39: 23X36 | E39: 350Gsm | F39: – | G39: – | H39: Sheet | I39: =IFERROR(__xludf.DUMMYFUNCTION("IF(A39="""","""", TEXTJOIN(""-"",TRUE, IFERROR( INDEX(FILTER(CFG_CODES!C:C, CFG_CODES!A:A=""CATEGORY"", UPPER(CFG_CODES!B:B)=UPPER(B39))), LEFT(UPPER(B39),3) ), IFERROR( INDEX(FILTER(CFG_CODES!C:C, CFG_CODES!A:A=""MATERIAL"", UPPER(CFG_CODES!B:B)=UP"&"PER(C39))), LEFT(UPPER(C39),3) ), TEXT(ROW()-1,""000"") ))"),"P-ART-038") -> P-ART-038 | J39: Yes | K39: 7.2164948 | L39: 2 | M39: 6 | N39: 200 | O39: 86.597938 | Q39: 0 | R39: No
A40: Art Card 26X38 350Gsm | B40: Paper | C40: Art Card | D40: 26X38 | E40: 300Gsm | F40: – | G40: – | H40: Sheet | I40: =IFERROR(__xludf.DUMMYFUNCTION("IF(A40="""","""", TEXTJOIN(""-"",TRUE, IFERROR( INDEX(FILTER(CFG_CODES!C:C, CFG_CODES!A:A=""CATEGORY"", UPPER(CFG_CODES!B:B)=UPPER(B40))), LEFT(UPPER(B40),3) ), IFERROR( INDEX(FILTER(CFG_CODES!C:C, CFG_CODES!A:A=""MATERIAL"", UPPER(CFG_CODES!B:B)=UP"&"PER(C40))), LEFT(UPPER(C40),3) ), TEXT(ROW()-1,""000"") ))"),"P-ART-039") -> P-ART-039 | J40: Yes | K40: 0 | L40: 2 | M40: 6 | N40: 200 | R40: No
A41: Sbs Paper 28X35 350Gsm Cream | B41: Paper | C41: Sbs Paper | D41: 28X35 | E41: 350Gsm | F41: Cream | G41: – | H41: Sheet | I41: =IFERROR(__xludf.DUMMYFUNCTION("IF(A41="""","""", TEXTJOIN(""-"",TRUE, IFERROR( INDEX(FILTER(CFG_CODES!C:C, CFG_CODES!A:A=""CATEGORY"", UPPER(CFG_CODES!B:B)=UPPER(B41))), LEFT(UPPER(B41),3) ), IFERROR( INDEX(FILTER(CFG_CODES!C:C, CFG_CODES!A:A=""MATERIAL"", UPPER(CFG_CODES!B:B)=UP"&"PER(C41))), LEFT(UPPER(C41),3) ), TEXT(ROW()-1,""000"") ))"),"P-SBS-040") -> P-SBS-040 | J41: Yes | K41: 0 | L41: 2 | M41: 6 | N41: 200 | R41: No
A42: Sona Paper 25X36 300Gsm | B42: Paper | C42: Other | D42: 25X36 | E42: 300Gsm | F42: – | G42: – | H42: Sheet | I42: =IFERROR(__xludf.DUMMYFUNCTION("IF(A42="""","""", TEXTJOIN(""-"",TRUE, IFERROR( INDEX(FILTER(CFG_CODES!C:C, CFG_CODES!A:A=""CATEGORY"", UPPER(CFG_CODES!B:B)=UPPER(B42))), LEFT(UPPER(B42),3) ), IFERROR( INDEX(FILTER(CFG_CODES!C:C, CFG_CODES!A:A=""MATERIAL"", UPPER(CFG_CODES!B:B)=UP"&"PER(C42))), LEFT(UPPER(C42),3) ), TEXT(ROW()-1,""000"") ))"),"P-OTH-041") -> P-OTH-041 | J42: Yes | K42: 0 | L42: 2 | M42: 6 | N42: 200 | R42: No
A43: Art Card 25X36 150Gsm | B43: Paper | C43: Art Card | D43: 25X36 | E43: 150Gsm | F43: – | G43: – | H43: Sheet | I43: =IFERROR(__xludf.DUMMYFUNCTION("IF(A43="""","""", TEXTJOIN(""-"",TRUE, IFERROR( INDEX(FILTER(CFG_CODES!C:C, CFG_CODES!A:A=""CATEGORY"", UPPER(CFG_CODES!B:B)=UPPER(B43))), LEFT(UPPER(B43),3) ), IFERROR( INDEX(FILTER(CFG_CODES!C:C, CFG_CODES!A:A=""MATERIAL"", UPPER(CFG_CODES!B:B)=UP"&"PER(C43))), LEFT(UPPER(C43),3) ), TEXT(ROW()-1,""000"") ))"),"P-ART-042") -> P-ART-042 | J43: No | L43: 2 | M43: 6 | N43: 200 | R43: No
A44: Art Paper 25X36 150Gsm | B44: Paper | C44: Art Paper | D44: 25X36 | E44: 150Gsm | F44: – | G44: – | H44: Sheet | I44: =IFERROR(__xludf.DUMMYFUNCTION("IF(A44="""","""", TEXTJOIN(""-"",TRUE, IFERROR( INDEX(FILTER(CFG_CODES!C:C, CFG_CODES!A:A=""CATEGORY"", UPPER(CFG_CODES!B:B)=UPPER(B44))), LEFT(UPPER(B44),3) ), IFERROR( INDEX(FILTER(CFG_CODES!C:C, CFG_CODES!A:A=""MATERIAL"", UPPER(CFG_CODES!B:B)=UP"&"PER(C44))), LEFT(UPPER(C44),3) ), TEXT(ROW()-1,""000"") ))"),"P-ART-043") -> P-ART-043 | J44: No | L44: 2 | M44: 6 | N44: 200 | R44: No
A45: Art Paper 20X30 150Gsm | B45: Paper | C45: Art Paper | D45: 20X30 | E45: 150Gsm | F45: – | G45: – | H45: Sheet | I45: =IFERROR(__xludf.DUMMYFUNCTION("IF(A45="""","""", TEXTJOIN(""-"",TRUE, IFERROR( INDEX(FILTER(CFG_CODES!C:C, CFG_CODES!A:A=""CATEGORY"", UPPER(CFG_CODES!B:B)=UPPER(B45))), LEFT(UPPER(B45),3) ), IFERROR( INDEX(FILTER(CFG_CODES!C:C, CFG_CODES!A:A=""MATERIAL"", UPPER(CFG_CODES!B:B)=UP"&"PER(C45))), LEFT(UPPER(C45),3) ), TEXT(ROW()-1,""000"") ))"),"P-ART-044") -> P-ART-044 | J45: Yes | K45: 0 | L45: 2 | M45: 6 | N45: 200 | R45: No
A46: Art Paper 30X40 128Gsm | B46: Paper | C46: Art Paper | D46: 30X40 | E46: 128Gsm | F46: – | G46: – | H46: Sheet | I46: =IFERROR(__xludf.DUMMYFUNCTION("IF(A46="""","""", TEXTJOIN(""-"",TRUE, IFERROR( INDEX(FILTER(CFG_CODES!C:C, CFG_CODES!A:A=""CATEGORY"", UPPER(CFG_CODES!B:B)=UPPER(B46))), LEFT(UPPER(B46),3) ), IFERROR( INDEX(FILTER(CFG_CODES!C:C, CFG_CODES!A:A=""MATERIAL"", UPPER(CFG_CODES!B:B)=UP"&"PER(C46))), LEFT(UPPER(C46),3) ), TEXT(ROW()-1,""000"") ))"),"P-ART-045") -> P-ART-045 | J46: Yes | K46: 4.6391753 | L46: 2 | M46: 6 | N46: 200 | O46: 55.670103 | Q46: 280 | R46: No
A47: Art Card 23X36 300Gsm | B47: Paper | C47: Art Card | D47: 23X36 | E47: 300Gsm | F47: – | G47: – | H47: Sheet | I47: =IFERROR(__xludf.DUMMYFUNCTION("IF(A47="""","""", TEXTJOIN(""-"",TRUE, IFERROR( INDEX(FILTER(CFG_CODES!C:C, CFG_CODES!A:A=""CATEGORY"", UPPER(CFG_CODES!B:B)=UPPER(B47))), LEFT(UPPER(B47),3) ), IFERROR( INDEX(FILTER(CFG_CODES!C:C, CFG_CODES!A:A=""MATERIAL"", UPPER(CFG_CODES!B:B)=UP"&"PER(C47))), LEFT(UPPER(C47),3) ), TEXT(ROW()-1,""000"") ))"),"P-ART-046") -> P-ART-046 | J47: Yes | K47: 4.1237113 | L47: 2 | M47: 6 | N47: 200 | O47: 49.484536 | Q47: 0 | R47: No
A48: Mapletho 28X40 100Gsm | B48: Paper | C48: Mapletho | D48: 28X40 | E48: 100Gsm | F48: – | G48: – | H48: Sheet | I48: =IFERROR(__xludf.DUMMYFUNCTION("IF(A48="""","""", TEXTJOIN(""-"",TRUE, IFERROR( INDEX(FILTER(CFG_CODES!C:C, CFG_CODES!A:A=""CATEGORY"", UPPER(CFG_CODES!B:B)=UPPER(B48))), LEFT(UPPER(B48),3) ), IFERROR( INDEX(FILTER(CFG_CODES!C:C, CFG_CODES!A:A=""MATERIAL"", UPPER(CFG_CODES!B:B)=UP"&"PER(C48))), LEFT(UPPER(C48),3) ), TEXT(ROW()-1,""000"") ))"),"P-MAP-047") -> P-MAP-047 | J48: Yes | K48: 4.6907216 | L48: 2 | M48: 6 | N48: 200 | O48: 56.28866 | Q48: 10 | R48: No
A49: Duplex 28X35 300Gsm Gray Back | B49: Paper | C49: Duplex | D49: 28X35 | E49: 300Gsm | F49: Gray Back | G49: – | H49: Sheet | I49: =IFERROR(__xludf.DUMMYFUNCTION("IF(A49="""","""", TEXTJOIN(""-"",TRUE, IFERROR( INDEX(FILTER(CFG_CODES!C:C, CFG_CODES!A:A=""CATEGORY"", UPPER(CFG_CODES!B:B)=UPPER(B49))), LEFT(UPPER(B49),3) ), IFERROR( INDEX(FILTER(CFG_CODES!C:C, CFG_CODES!A:A=""MATERIAL"", UPPER(CFG_CODES!B:B)=UP"&"PER(C49))), LEFT(UPPER(C49),3) ), TEXT(ROW()-1,""000"") ))"),"P-DUP-048") -> P-DUP-048 | J49: Yes | K49: 17.814433 | L49: 2 | M49: 6 | N49: 200 | O49: 213.7732 | Q49: 57 | R49: No
A50: Duplex 28X35 350Gsm Gray Back | B50: Paper | C50: Duplex | D50: 28X35 | E50: 350Gsm | F50: Gray Back | G50: – | H50: Sheet | I50: =IFERROR(__xludf.DUMMYFUNCTION("IF(A50="""","""", TEXTJOIN(""-"",TRUE, IFERROR( INDEX(FILTER(CFG_CODES!C:C, CFG_CODES!A:A=""CATEGORY"", UPPER(CFG_CODES!B:B)=UPPER(B50))), LEFT(UPPER(B50),3) ), IFERROR( INDEX(FILTER(CFG_CODES!C:C, CFG_CODES!A:A=""MATERIAL"", UPPER(CFG_CODES!B:B)=UP"&"PER(C50))), LEFT(UPPER(C50),3) ), TEXT(ROW()-1,""000"") ))"),"P-DUP-049") -> P-DUP-049 | J50: Yes | K50: 0 | L50: 2 | M50: 6 | N50: 200 | R50: No
A51: Duplex 31X41 300Gsm Gray Back | B51: Paper | C51: Duplex | D51: 31X41 | E51: 300Gsm | F51: Gray Back | G51: – | H51: Sheet | I51: =IFERROR(__xludf.DUMMYFUNCTION("IF(A51="""","""", TEXTJOIN(""-"",TRUE, IFERROR( INDEX(FILTER(CFG_CODES!C:C, CFG_CODES!A:A=""CATEGORY"", UPPER(CFG_CODES!B:B)=UPPER(B51))), LEFT(UPPER(B51),3) ), IFERROR( INDEX(FILTER(CFG_CODES!C:C, CFG_CODES!A:A=""MATERIAL"", UPPER(CFG_CODES!B:B)=UP"&"PER(C51))), LEFT(UPPER(C51),3) ), TEXT(ROW()-1,""000"") ))"),"P-DUP-050") -> P-DUP-050 | J51: Yes | K51: 17.814433 | L51: 2 | M51: 6 | N51: 200 | O51: 213.7732 | Q51: 0 | R51: No
A52: Duplex 36X38 300Gsm Gray Back | B52: Paper | C52: Duplex | D52: 36X38 | E52: 300Gsm | F52: Gray Back | G52: – | H52: Sheet | I52: =IFERROR(__xludf.DUMMYFUNCTION("IF(A52="""","""", TEXTJOIN(""-"",TRUE, IFERROR( INDEX(FILTER(CFG_CODES!C:C, CFG_CODES!A:A=""CATEGORY"", UPPER(CFG_CODES!B:B)=UPPER(B52))), LEFT(UPPER(B52),3) ), IFERROR( INDEX(FILTER(CFG_CODES!C:C, CFG_CODES!A:A=""MATERIAL"", UPPER(CFG_CODES!B:B)=UP"&"PER(C52))), LEFT(UPPER(C52),3) ), TEXT(ROW()-1,""000"") ))"),"P-DUP-051") -> P-DUP-051 | J52: Yes | K52: 0 | L52: 2 | M52: 6 | N52: 200 | R52: No
A53: Duplex 31X41 350Gsm White Back | B53: Paper | C53: Duplex | D53: 31X41 | E53: 350Gsm | F53: White Back | G53: – | H53: Sheet | I53: =IFERROR(__xludf.DUMMYFUNCTION("IF(A53="""","""", TEXTJOIN(""-"",TRUE, IFERROR( INDEX(FILTER(CFG_CODES!C:C, CFG_CODES!A:A=""CATEGORY"", UPPER(CFG_CODES!B:B)=UPPER(B53))), LEFT(UPPER(B53),3) ), IFERROR( INDEX(FILTER(CFG_CODES!C:C, CFG_CODES!A:A=""MATERIAL"", UPPER(CFG_CODES!B:B)=UP"&"PER(C53))), LEFT(UPPER(C53),3) ), TEXT(ROW()-1,""000"") ))"),"P-DUP-052") -> P-DUP-052 | J53: Yes | K53: 0 | L53: 2 | M53: 6 | N53: 200 | R53: No
A54: Duplex 28X40 300Gsm White Back | B54: Paper | C54: Duplex | D54: 28X40 | E54: 300Gsm | F54: White Back | G54: – | H54: Sheet | I54: =IFERROR(__xludf.DUMMYFUNCTION("IF(A54="""","""", TEXTJOIN(""-"",TRUE, IFERROR( INDEX(FILTER(CFG_CODES!C:C, CFG_CODES!A:A=""CATEGORY"", UPPER(CFG_CODES!B:B)=UPPER(B54))), LEFT(UPPER(B54),3) ), IFERROR( INDEX(FILTER(CFG_CODES!C:C, CFG_CODES!A:A=""MATERIAL"", UPPER(CFG_CODES!B:B)=UP"&"PER(C54))), LEFT(UPPER(C54),3) ), TEXT(ROW()-1,""000"") ))"),"P-DUP-053") -> P-DUP-053 | J54: Yes | K54: 0 | L54: 2 | M54: 6 | N54: 200 | R54: No
A55: Duplex 26X38 300Gsm Gray Back | B55: Paper | C55: Duplex | D55: 26X38 | E55: 300Gsm | F55: Gray Back | G55: – | H55: Sheet | I55: =IFERROR(__xludf.DUMMYFUNCTION("IF(A55="""","""", TEXTJOIN(""-"",TRUE, IFERROR( INDEX(FILTER(CFG_CODES!C:C, CFG_CODES!A:A=""CATEGORY"", UPPER(CFG_CODES!B:B)=UPPER(B55))), LEFT(UPPER(B55),3) ), IFERROR( INDEX(FILTER(CFG_CODES!C:C, CFG_CODES!A:A=""MATERIAL"", UPPER(CFG_CODES!B:B)=UP"&"PER(C55))), LEFT(UPPER(C55),3) ), TEXT(ROW()-1,""000"") ))"),"P-DUP-054") -> P-DUP-054 | J55: Yes | K55: 96.494845 | L55: 2 | M55: 6 | N55: 200 | O55: 1157.9381 | Q55: 0 | R55: No
A56: Duplex 23X36 300Gsm Gray Back | B56: Paper | C56: Duplex | D56: 23X36 | E56: 300Gsm | F56: Gray Back | G56: – | H56: Sheet | I56: =IFERROR(__xludf.DUMMYFUNCTION("IF(A56="""","""", TEXTJOIN(""-"",TRUE, IFERROR( INDEX(FILTER(CFG_CODES!C:C, CFG_CODES!A:A=""CATEGORY"", UPPER(CFG_CODES!B:B)=UPPER(B56))), LEFT(UPPER(B56),3) ), IFERROR( INDEX(FILTER(CFG_CODES!C:C, CFG_CODES!A:A=""MATERIAL"", UPPER(CFG_CODES!B:B)=UP"&"PER(C56))), LEFT(UPPER(C56),3) ), TEXT(ROW()-1,""000"") ))"),"P-DUP-055") -> P-DUP-055 | J56: Yes | K56: 72.742268 | L56: 2 | M56: 6 | N56: 200 | O56: 872.90722 | Q56: 20 | R56: No
A57: Duplex 22X32 300Gsm White Back | B57: Paper | C57: Duplex | D57: 22X32 | E57: 300Gsm | F57: White Back | G57: – | H57: Sheet | I57: =IFERROR(__xludf.DUMMYFUNCTION("IF(A57="""","""", TEXTJOIN(""-"",TRUE, IFERROR( INDEX(FILTER(CFG_CODES!C:C, CFG_CODES!A:A=""CATEGORY"", UPPER(CFG_CODES!B:B)=UPPER(B57))), LEFT(UPPER(B57),3) ), IFERROR( INDEX(FILTER(CFG_CODES!C:C, CFG_CODES!A:A=""MATERIAL"", UPPER(CFG_CODES!B:B)=UP"&"PER(C57))), LEFT(UPPER(C57),3) ), TEXT(ROW()-1,""000"") ))"),"P-DUP-056") -> P-DUP-056 | J57: Yes | K57: 0 | L57: 2 | M57: 6 | N57: 200 | R57: No
A58: Duplex 23X36 250Gsm Gray Back | B58: Paper | C58: Duplex | D58: 23X36 | E58: 250Gsm | F58: Gray Back | G58: – | H58: Sheet | I58: =IFERROR(__xludf.DUMMYFUNCTION("IF(A58="""","""", TEXTJOIN(""-"",TRUE, IFERROR( INDEX(FILTER(CFG_CODES!C:C, CFG_CODES!A:A=""CATEGORY"", UPPER(CFG_CODES!B:B)=UPPER(B58))), LEFT(UPPER(B58),3) ), IFERROR( INDEX(FILTER(CFG_CODES!C:C, CFG_CODES!A:A=""MATERIAL"", UPPER(CFG_CODES!B:B)=UP"&"PER(C58))), LEFT(UPPER(C58),3) ), TEXT(ROW()-1,""000"") ))"),"P-DUP-057") -> P-DUP-057 | J58: Yes | K58: 0 | L58: 2 | M58: 6 | N58: 200 | R58: No
A59: Sbs Paper 28X33 330Gsm Cream | B59: Paper | C59: Sbs Paper | D59: 28X33 | E59: 330Gsm | F59: Cream | G59: – | H59: Sheet | I59: =IFERROR(__xludf.DUMMYFUNCTION("IF(A59="""","""", TEXTJOIN(""-"",TRUE, IFERROR( INDEX(FILTER(CFG_CODES!C:C, CFG_CODES!A:A=""CATEGORY"", UPPER(CFG_CODES!B:B)=UPPER(B59))), LEFT(UPPER(B59),3) ), IFERROR( INDEX(FILTER(CFG_CODES!C:C, CFG_CODES!A:A=""MATERIAL"", UPPER(CFG_CODES!B:B)=UP"&"PER(C59))), LEFT(UPPER(C59),3) ), TEXT(ROW()-1,""000"") ))"),"P-SBS-058") -> P-SBS-058 | J59: Yes | K59: 0 | L59: 2 | M59: 6 | N59: 200 | R59: No
A60: Duplex 29X34 300Gsm Gray Back | B60: Paper | C60: Duplex | D60: 29X34 | E60: 300Gsm | F60: Gray Back | G60: – | H60: Sheet | I60: =IFERROR(__xludf.DUMMYFUNCTION("IF(A60="""","""", TEXTJOIN(""-"",TRUE, IFERROR( INDEX(FILTER(CFG_CODES!C:C, CFG_CODES!A:A=""CATEGORY"", UPPER(CFG_CODES!B:B)=UPPER(B60))), LEFT(UPPER(B60),3) ), IFERROR( INDEX(FILTER(CFG_CODES!C:C, CFG_CODES!A:A=""MATERIAL"", UPPER(CFG_CODES!B:B)=UP"&"PER(C60))), LEFT(UPPER(C60),3) ), TEXT(ROW()-1,""000"") ))"),"P-DUP-059") -> P-DUP-059 | J60: Yes | K60: 10.391753 | L60: 2 | M60: 6 | N60: 200 | O60: 124.70103 | Q60: 111 | R60: No
A61: Sbs Paper 28X40 275Gsm Cream | B61: Paper | C61: Sbs Paper | D61: 28X40 | E61: 275Gsm | F61: Cream | G61: – | H61: Sheet | I61: =IFERROR(__xludf.DUMMYFUNCTION("IF(A61="""","""", TEXTJOIN(""-"",TRUE, IFERROR( INDEX(FILTER(CFG_CODES!C:C, CFG_CODES!A:A=""CATEGORY"", UPPER(CFG_CODES!B:B)=UPPER(B61))), LEFT(UPPER(B61),3) ), IFERROR( INDEX(FILTER(CFG_CODES!C:C, CFG_CODES!A:A=""MATERIAL"", UPPER(CFG_CODES!B:B)=UP"&"PER(C61))), LEFT(UPPER(C61),3) ), TEXT(ROW()-1,""000"") ))"),"P-SBS-060") -> P-SBS-060 | J61: Yes | K61: 0 | L61: 2 | M61: 6 | N61: 200 | R61: No
A62: Universal Plus Black Ink | B62: Ink | C62: Cmyk | D62: – | E62: – | F62: Black | G62: Offset | H62: Kg | I62: =IFERROR(__xludf.DUMMYFUNCTION("IF(A62="""","""", TEXTJOIN(""-"",TRUE, IFERROR( INDEX(FILTER(CFG_CODES!C:C, CFG_CODES!A:A=""CATEGORY"", UPPER(CFG_CODES!B:B)=UPPER(B62))), LEFT(UPPER(B62),3) ), IFERROR( INDEX(FILTER(CFG_CODES!C:C, CFG_CODES!A:A=""MATERIAL"", UPPER(CFG_CODES!B:B)=UP"&"PER(C62))), LEFT(UPPER(C62),3) ), TEXT(ROW()-1,""000"") ))"),"I-CMY-061") -> I-CMY-061 | J62: Yes | K62: 0.20618557 | L62: 2 | M62: 5 | N62: 4 | O62: 2.0618557 | Q62: 29 | R62: Yes
A63: Universal Plus Cyan Ink | B63: Ink | C63: Cmyk | D63: – | E63: – | F63: Cyan | G63: Offset | H63: Kg | I63: =IFERROR(__xludf.DUMMYFUNCTION("IF(A63="""","""", TEXTJOIN(""-"",TRUE, IFERROR( INDEX(FILTER(CFG_CODES!C:C, CFG_CODES!A:A=""CATEGORY"", UPPER(CFG_CODES!B:B)=UPPER(B63))), LEFT(UPPER(B63),3) ), IFERROR( INDEX(FILTER(CFG_CODES!C:C, CFG_CODES!A:A=""MATERIAL"", UPPER(CFG_CODES!B:B)=UP"&"PER(C63))), LEFT(UPPER(C63),3) ), TEXT(ROW()-1,""000"") ))"),"I-CMY-062") -> I-CMY-062 | J63: Yes | K63: 0.18556701 | L63: 2 | M63: 2 | N63: 4 | O63: 0.74226804 | Q63: 65 | R63: Yes
A64: Universal Plus Magenta | B64: Ink | C64: Cmyk | D64: – | E64: – | F64: Magenta | G64: Offset | H64: Kg | I64: =IFERROR(__xludf.DUMMYFUNCTION("IF(A64="""","""", TEXTJOIN(""-"",TRUE, IFERROR( INDEX(FILTER(CFG_CODES!C:C, CFG_CODES!A:A=""CATEGORY"", UPPER(CFG_CODES!B:B)=UPPER(B64))), LEFT(UPPER(B64),3) ), IFERROR( INDEX(FILTER(CFG_CODES!C:C, CFG_CODES!A:A=""MATERIAL"", UPPER(CFG_CODES!B:B)=UP"&"PER(C64))), LEFT(UPPER(C64),3) ), TEXT(ROW()-1,""000"") ))"),"I-CMY-063") -> I-CMY-063 | J64: Yes | K64: 0.28865979 | L64: 2 | M64: 2 | N64: 4 | O64: 1.1546392 | Q64: 28 | R64: Yes
A65: Universal Plus Yellow | B65: Ink | C65: Cmyk | D65: – | E65: – | F65: Yellow | G65: Offset | H65: Kg | I65: =IFERROR(__xludf.DUMMYFUNCTION("IF(A65="""","""", TEXTJOIN(""-"",TRUE, IFERROR( INDEX(FILTER(CFG_CODES!C:C, CFG_CODES!A:A=""CATEGORY"", UPPER(CFG_CODES!B:B)=UPPER(B65))), LEFT(UPPER(B65),3) ), IFERROR( INDEX(FILTER(CFG_CODES!C:C, CFG_CODES!A:A=""MATERIAL"", UPPER(CFG_CODES!B:B)=UP"&"PER(C65))), LEFT(UPPER(C65),3) ), TEXT(ROW()-1,""000"") ))"),"I-CMY-064") -> I-CMY-064 | J65: Yes | K65: 0.37113402 | L65: 2 | M65: 2 | N65: 4 | O65: 1.4845361 | Q65: 32 | R65: Yes
A66: InstaCure 501 Flashdry Led Pr Black | B66: Ink | C66: Cmyk | D66: – | E66: – | F66: Black | G66: Led | H66: Kg | I66: =IFERROR(__xludf.DUMMYFUNCTION("IF(A66="""","""", TEXTJOIN(""-"",TRUE, IFERROR( INDEX(FILTER(CFG_CODES!C:C, CFG_CODES!A:A=""CATEGORY"", UPPER(CFG_CODES!B:B)=UPPER(B66))), LEFT(UPPER(B66),3) ), IFERROR( INDEX(FILTER(CFG_CODES!C:C, CFG_CODES!A:A=""MATERIAL"", UPPER(CFG_CODES!B:B)=UP"&"PER(C66))), LEFT(UPPER(C66),3) ), TEXT(ROW()-1,""000"") ))"),"I-CMY-065") -> I-CMY-065 | J66: No | L66: 0 | M66: 0 | N66: 4 | R66: No
A67: InstaCure 501 Flashdry Led Pr White | B67: Ink | C67: Cmyk | D67: – | E67: – | F67: White | G67: Led | H67: Kg | I67: =IFERROR(__xludf.DUMMYFUNCTION("IF(A67="""","""", TEXTJOIN(""-"",TRUE, IFERROR( INDEX(FILTER(CFG_CODES!C:C, CFG_CODES!A:A=""CATEGORY"", UPPER(CFG_CODES!B:B)=UPPER(B67))), LEFT(UPPER(B67),3) ), IFERROR( INDEX(FILTER(CFG_CODES!C:C, CFG_CODES!A:A=""MATERIAL"", UPPER(CFG_CODES!B:B)=UP"&"PER(C67))), LEFT(UPPER(C67),3) ), TEXT(ROW()-1,""000"") ))"),"I-CMY-066") -> I-CMY-066 | J67: No | L67: 0 | M67: 0 | N67: 4 | R67: No
A68: InstaCure 501 Flashdry Led Pr Magenta | B68: Ink | C68: Cmyk | D68: – | E68: – | F68: Magenta | G68: Led | H68: Kg | I68: =IFERROR(__xludf.DUMMYFUNCTION("IF(A68="""","""", TEXTJOIN(""-"",TRUE, IFERROR( INDEX(FILTER(CFG_CODES!C:C, CFG_CODES!A:A=""CATEGORY"", UPPER(CFG_CODES!B:B)=UPPER(B68))), LEFT(UPPER(B68),3) ), IFERROR( INDEX(FILTER(CFG_CODES!C:C, CFG_CODES!A:A=""MATERIAL"", UPPER(CFG_CODES!B:B)=UP"&"PER(C68))), LEFT(UPPER(C68),3) ), TEXT(ROW()-1,""000"") ))"),"I-CMY-067") -> I-CMY-067 | J68: No | L68: 2 | M68: 0.5 | N68: 4 | R68: No
A69: InstaCure 501 Flashdry Led Pr Yellow | B69: Ink | C69: Cmyk | D69: – | E69: – | F69: Yellow | G69: Led | H69: Kg | I69: =IFERROR(__xludf.DUMMYFUNCTION("IF(A69="""","""", TEXTJOIN(""-"",TRUE, IFERROR( INDEX(FILTER(CFG_CODES!C:C, CFG_CODES!A:A=""CATEGORY"", UPPER(CFG_CODES!B:B)=UPPER(B69))), LEFT(UPPER(B69),3) ), IFERROR( INDEX(FILTER(CFG_CODES!C:C, CFG_CODES!A:A=""MATERIAL"", UPPER(CFG_CODES!B:B)=UP"&"PER(C69))), LEFT(UPPER(C69),3) ), TEXT(ROW()-1,""000"") ))"),"I-CMY-068") -> I-CMY-068 | J69: No | L69: 2 | M69: 0.5 | N69: 4 | R69: No
A70: InstaCure 501 Flashdry Led - Pr Cyan | B70: Ink | C70: Cmyk | D70: – | E70: – | F70: Cyan | G70: Led | H70: Kg | I70: =IFERROR(__xludf.DUMMYFUNCTION("IF(A70="""","""", TEXTJOIN(""-"",TRUE, IFERROR( INDEX(FILTER(CFG_CODES!C:C, CFG_CODES!A:A=""CATEGORY"", UPPER(CFG_CODES!B:B)=UPPER(B70))), LEFT(UPPER(B70),3) ), IFERROR( INDEX(FILTER(CFG_CODES!C:C, CFG_CODES!A:A=""MATERIAL"", UPPER(CFG_CODES!B:B)=UP"&"PER(C70))), LEFT(UPPER(C70),3) ), TEXT(ROW()-1,""000"") ))"),"I-CMY-069") -> I-CMY-069 | J70: No | L70: 2 | M70: 0.5 | N70: 4 | R70: No
A71: Sicura Smartcure Uv - Led Pr Cyan | B71: Ink | C71: Cmyk | D71: – | E71: – | F71: Cyan | G71: Uv Led | H71: Kg | I71: =IFERROR(__xludf.DUMMYFUNCTION("IF(A71="""","""", TEXTJOIN(""-"",TRUE, IFERROR( INDEX(FILTER(CFG_CODES!C:C, CFG_CODES!A:A=""CATEGORY"", UPPER(CFG_CODES!B:B)=UPPER(B71))), LEFT(UPPER(B71),3) ), IFERROR( INDEX(FILTER(CFG_CODES!C:C, CFG_CODES!A:A=""MATERIAL"", UPPER(CFG_CODES!B:B)=UP"&"PER(C71))), LEFT(UPPER(C71),3) ), TEXT(ROW()-1,""000"") ))"),"I-CMY-070") -> I-CMY-070 | J71: No | L71: 2 | M71: 0.5 | N71: 4 | R71: No
A72: Sicura Smartcure Uv - Led Pr Magenta | B72: Ink | C72: Cmyk | D72: – | E72: – | F72: Magenta | G72: Uv Led | H72: Kg | I72: =IFERROR(__xludf.DUMMYFUNCTION("IF(A72="""","""", TEXTJOIN(""-"",TRUE, IFERROR( INDEX(FILTER(CFG_CODES!C:C, CFG_CODES!A:A=""CATEGORY"", UPPER(CFG_CODES!B:B)=UPPER(B72))), LEFT(UPPER(B72),3) ), IFERROR( INDEX(FILTER(CFG_CODES!C:C, CFG_CODES!A:A=""MATERIAL"", UPPER(CFG_CODES!B:B)=UP"&"PER(C72))), LEFT(UPPER(C72),3) ), TEXT(ROW()-1,""000"") ))"),"I-CMY-071") -> I-CMY-071 | J72: No | L72: 2 | M72: 0.5 | N72: 4 | R72: No
A73: Sicura Smartcure Uv - Led Pr Yellow | B73: Ink | C73: Cmyk | D73: – | E73: – | F73: Yellow | G73: Uv Led | H73: Kg | I73: =IFERROR(__xludf.DUMMYFUNCTION("IF(A73="""","""", TEXTJOIN(""-"",TRUE, IFERROR( INDEX(FILTER(CFG_CODES!C:C, CFG_CODES!A:A=""CATEGORY"", UPPER(CFG_CODES!B:B)=UPPER(B73))), LEFT(UPPER(B73),3) ), IFERROR( INDEX(FILTER(CFG_CODES!C:C, CFG_CODES!A:A=""MATERIAL"", UPPER(CFG_CODES!B:B)=UP"&"PER(C73))), LEFT(UPPER(C73),3) ), TEXT(ROW()-1,""000"") ))"),"I-CMY-072") -> I-CMY-072 | J73: No | L73: 2 | M73: 0.5 | N73: 4 | R73: No
A74: Sicura Smartcure Uv - Led Pr Black | B74: Ink | C74: Cmyk | D74: – | E74: – | F74: Black | G74: Uv Led | H74: Kg | I74: =IFERROR(__xludf.DUMMYFUNCTION("IF(A74="""","""", TEXTJOIN(""-"",TRUE, IFERROR( INDEX(FILTER(CFG_CODES!C:C, CFG_CODES!A:A=""CATEGORY"", UPPER(CFG_CODES!B:B)=UPPER(B74))), LEFT(UPPER(B74),3) ), IFERROR( INDEX(FILTER(CFG_CODES!C:C, CFG_CODES!A:A=""MATERIAL"", UPPER(CFG_CODES!B:B)=UP"&"PER(C74))), LEFT(UPPER(C74),3) ), TEXT(ROW()-1,""000"") ))"),"I-CMY-073") -> I-CMY-073 | J74: No | L74: 2 | M74: 0.5 | N74: 4 | R74: No
A75: Pan 520c | B75: Ink | C75: Pantone | D75: – | E75: – | F75: Modern Purple | G75: Offset | H75: Kg | I75: =IFERROR(__xludf.DUMMYFUNCTION("IF(A75="""","""", TEXTJOIN(""-"",TRUE, IFERROR( INDEX(FILTER(CFG_CODES!C:C, CFG_CODES!A:A=""CATEGORY"", UPPER(CFG_CODES!B:B)=UPPER(B75))), LEFT(UPPER(B75),3) ), IFERROR( INDEX(FILTER(CFG_CODES!C:C, CFG_CODES!A:A=""MATERIAL"", UPPER(CFG_CODES!B:B)=UP"&"PER(C75))), LEFT(UPPER(C75),3) ), TEXT(ROW()-1,""000"") ))"),"I-PAN-074") -> I-PAN-074 | J75: Yes | K75: 0 | L75: 2 | M75: 0.1 | N75: 2 | R75: No
A76: Pan 1777c | B76: Ink | C76: Pantone | D76: – | E76: – | F76: Red | G76: Offset | H76: Kg | I76: =IFERROR(__xludf.DUMMYFUNCTION("IF(A76="""","""", TEXTJOIN(""-"",TRUE, IFERROR( INDEX(FILTER(CFG_CODES!C:C, CFG_CODES!A:A=""CATEGORY"", UPPER(CFG_CODES!B:B)=UPPER(B76))), LEFT(UPPER(B76),3) ), IFERROR( INDEX(FILTER(CFG_CODES!C:C, CFG_CODES!A:A=""MATERIAL"", UPPER(CFG_CODES!B:B)=UP"&"PER(C76))), LEFT(UPPER(C76),3) ), TEXT(ROW()-1,""000"") ))"),"I-PAN-075") -> I-PAN-075 | J76: Yes | K76: 0 | L76: 2 | M76: 0.1 | N76: 2 | R76: No
A77: Pan 295c | B77: Ink | C77: Pantone | D77: – | E77: – | F77: Blue | G77: Offset | H77: Kg | I77: =IFERROR(__xludf.DUMMYFUNCTION("IF(A77="""","""", TEXTJOIN(""-"",TRUE, IFERROR( INDEX(FILTER(CFG_CODES!C:C, CFG_CODES!A:A=""CATEGORY"", UPPER(CFG_CODES!B:B)=UPPER(B77))), LEFT(UPPER(B77),3) ), IFERROR( INDEX(FILTER(CFG_CODES!C:C, CFG_CODES!A:A=""MATERIAL"", UPPER(CFG_CODES!B:B)=UP"&"PER(C77))), LEFT(UPPER(C77),3) ), TEXT(ROW()-1,""000"") ))"),"I-PAN-076") -> I-PAN-076 | J77: Yes | K77: 0 | L77: 2 | M77: 0.1 | N77: 2 | R77: No
A78: Pan 429c | B78: Ink | C78: Pantone | D78: – | E78: – | F78: Gray | G78: Offset | H78: Kg | I78: =IFERROR(__xludf.DUMMYFUNCTION("IF(A78="""","""", TEXTJOIN(""-"",TRUE, IFERROR( INDEX(FILTER(CFG_CODES!C:C, CFG_CODES!A:A=""CATEGORY"", UPPER(CFG_CODES!B:B)=UPPER(B78))), LEFT(UPPER(B78),3) ), IFERROR( INDEX(FILTER(CFG_CODES!C:C, CFG_CODES!A:A=""MATERIAL"", UPPER(CFG_CODES!B:B)=UP"&"PER(C78))), LEFT(UPPER(C78),3) ), TEXT(ROW()-1,""000"") ))"),"I-PAN-077") -> I-PAN-077 | J78: Yes | K78: 0 | L78: 2 | M78: 0.1 | N78: 2 | R78: No
A79: Pan 326c | B79: Ink | C79: Pantone | D79: – | E79: – | F79: Green | G79: Offset | H79: Kg | I79: =IFERROR(__xludf.DUMMYFUNCTION("IF(A79="""","""", TEXTJOIN(""-"",TRUE, IFERROR( INDEX(FILTER(CFG_CODES!C:C, CFG_CODES!A:A=""CATEGORY"", UPPER(CFG_CODES!B:B)=UPPER(B79))), LEFT(UPPER(B79),3) ), IFERROR( INDEX(FILTER(CFG_CODES!C:C, CFG_CODES!A:A=""MATERIAL"", UPPER(CFG_CODES!B:B)=UP"&"PER(C79))), LEFT(UPPER(C79),3) ), TEXT(ROW()-1,""000"") ))"),"I-PAN-078") -> I-PAN-078 | J79: Yes | K79: 0 | L79: 2 | M79: 0.1 | N79: 2 | R79: No
A80: Pan 7505c | B80: Ink | C80: Pantone | D80: – | E80: – | F80: Brown | G80: Offset | H80: Kg | I80: =IFERROR(__xludf.DUMMYFUNCTION("IF(A80="""","""", TEXTJOIN(""-"",TRUE, IFERROR( INDEX(FILTER(CFG_CODES!C:C, CFG_CODES!A:A=""CATEGORY"", UPPER(CFG_CODES!B:B)=UPPER(B80))), LEFT(UPPER(B80),3) ), IFERROR( INDEX(FILTER(CFG_CODES!C:C, CFG_CODES!A:A=""MATERIAL"", UPPER(CFG_CODES!B:B)=UP"&"PER(C80))), LEFT(UPPER(C80),3) ), TEXT(ROW()-1,""000"") ))"),"I-PAN-079") -> I-PAN-079 | J80: Yes | K80: 0 | L80: 2 | M80: 0.1 | N80: 2 | R80: No
A81: Pan 185c | B81: Ink | C81: Pantone | D81: – | E81: – | F81: Sonilex | G81: Offset | H81: Kg | I81: =IFERROR(__xludf.DUMMYFUNCTION("IF(A81="""","""", TEXTJOIN(""-"",TRUE, IFERROR( INDEX(FILTER(CFG_CODES!C:C, CFG_CODES!A:A=""CATEGORY"", UPPER(CFG_CODES!B:B)=UPPER(B81))), LEFT(UPPER(B81),3) ), IFERROR( INDEX(FILTER(CFG_CODES!C:C, CFG_CODES!A:A=""MATERIAL"", UPPER(CFG_CODES!B:B)=UP"&"PER(C81))), LEFT(UPPER(C81),3) ), TEXT(ROW()-1,""000"") ))"),"I-PAN-080") -> I-PAN-080 | J81: Yes | K81: 0 | L81: 2 | M81: 0.1 | N81: 2 | R81: No
A82: Pan 377c | B82: Ink | C82: Pantone | D82: – | E82: – | F82: Green | G82: Offset | H82: Kg | I82: =IFERROR(__xludf.DUMMYFUNCTION("IF(A82="""","""", TEXTJOIN(""-"",TRUE, IFERROR( INDEX(FILTER(CFG_CODES!C:C, CFG_CODES!A:A=""CATEGORY"", UPPER(CFG_CODES!B:B)=UPPER(B82))), LEFT(UPPER(B82),3) ), IFERROR( INDEX(FILTER(CFG_CODES!C:C, CFG_CODES!A:A=""MATERIAL"", UPPER(CFG_CODES!B:B)=UP"&"PER(C82))), LEFT(UPPER(C82),3) ), TEXT(ROW()-1,""000"") ))"),"I-PAN-081") -> I-PAN-081 | J82: Yes | K82: 0 | L82: 2 | M82: 0.1 | N82: 2 | R82: No
A83: Pan 3125c | B83: Ink | C83: Pantone | D83: – | E83: – | F83: Green | G83: Offset | H83: Kg | I83: =IFERROR(__xludf.DUMMYFUNCTION("IF(A83="""","""", TEXTJOIN(""-"",TRUE, IFERROR( INDEX(FILTER(CFG_CODES!C:C, CFG_CODES!A:A=""CATEGORY"", UPPER(CFG_CODES!B:B)=UPPER(B83))), LEFT(UPPER(B83),3) ), IFERROR( INDEX(FILTER(CFG_CODES!C:C, CFG_CODES!A:A=""MATERIAL"", UPPER(CFG_CODES!B:B)=UP"&"PER(C83))), LEFT(UPPER(C83),3) ), TEXT(ROW()-1,""000"") ))"),"I-PAN-082") -> I-PAN-082 | J83: Yes | K83: 0 | L83: 2 | M83: 0.1 | N83: 2 | R83: No
A84: Pan 021c | B84: Ink | C84: Pantone | D84: – | E84: – | F84: Orange | G84: Offset | H84: Kg | I84: =IFERROR(__xludf.DUMMYFUNCTION("IF(A84="""","""", TEXTJOIN(""-"",TRUE, IFERROR( INDEX(FILTER(CFG_CODES!C:C, CFG_CODES!A:A=""CATEGORY"", UPPER(CFG_CODES!B:B)=UPPER(B84))), LEFT(UPPER(B84),3) ), IFERROR( INDEX(FILTER(CFG_CODES!C:C, CFG_CODES!A:A=""MATERIAL"", UPPER(CFG_CODES!B:B)=UP"&"PER(C84))), LEFT(UPPER(C84),3) ), TEXT(ROW()-1,""000"") ))"),"I-PAN-083") -> I-PAN-083 | J84: Yes | K84: 0.10309278 | L84: 2 | M84: 0.1 | N84: 2 | O84: 0.020618557 | Q84: 58 | R84: No
A85: O/S jss Orange | B85: Ink | C85: Pantone | D85: – | E85: – | F85: Orange | G85: Offset | H85: Kg | I85: =IFERROR(__xludf.DUMMYFUNCTION("IF(A85="""","""", TEXTJOIN(""-"",TRUE, IFERROR( INDEX(FILTER(CFG_CODES!C:C, CFG_CODES!A:A=""CATEGORY"", UPPER(CFG_CODES!B:B)=UPPER(B85))), LEFT(UPPER(B85),3) ), IFERROR( INDEX(FILTER(CFG_CODES!C:C, CFG_CODES!A:A=""MATERIAL"", UPPER(CFG_CODES!B:B)=UP"&"PER(C85))), LEFT(UPPER(C85),3) ), TEXT(ROW()-1,""000"") ))"),"I-PAN-084") -> I-PAN-084 | J85: Yes | K85: 0.06185567 | L85: 2 | M85: 0.1 | N85: 2 | O85: 0.012371134 | Q85: 162 | R85: No
A86: Biocon Red | B86: Ink | C86: Pantone | D86: – | E86: – | F86: Red | G86: Offset | H86: Kg | I86: =IFERROR(__xludf.DUMMYFUNCTION("IF(A86="""","""", TEXTJOIN(""-"",TRUE, IFERROR( INDEX(FILTER(CFG_CODES!C:C, CFG_CODES!A:A=""CATEGORY"", UPPER(CFG_CODES!B:B)=UPPER(B86))), LEFT(UPPER(B86),3) ), IFERROR( INDEX(FILTER(CFG_CODES!C:C, CFG_CODES!A:A=""MATERIAL"", UPPER(CFG_CODES!B:B)=UP"&"PER(C86))), LEFT(UPPER(C86),3) ), TEXT(ROW()-1,""000"") ))"),"I-PAN-085") -> I-PAN-085 | J86: Yes | K86: 0 | L86: 2 | M86: 0.1 | N86: 2 | R86: No
A87: Pan 3262c | B87: Ink | C87: Pantone | D87: – | E87: – | F87: Green | G87: Ds/11924 | H87: Kg | I87: =IFERROR(__xludf.DUMMYFUNCTION("IF(A87="""","""", TEXTJOIN(""-"",TRUE, IFERROR( INDEX(FILTER(CFG_CODES!C:C, CFG_CODES!A:A=""CATEGORY"", UPPER(CFG_CODES!B:B)=UPPER(B87))), LEFT(UPPER(B87),3) ), IFERROR( INDEX(FILTER(CFG_CODES!C:C, CFG_CODES!A:A=""MATERIAL"", UPPER(CFG_CODES!B:B)=UP"&"PER(C87))), LEFT(UPPER(C87),3) ), TEXT(ROW()-1,""000"") ))"),"I-PAN-086") -> I-PAN-086 | J87: Yes | K87: 0 | L87: 2 | M87: 0.1 | N87: 2 | R87: No
A88: Pan 188c | B88: Ink | C88: Pantone | D88: – | E88: – | F88: Brown | G88: Ds/21973 | H88: Kg | I88: =IFERROR(__xludf.DUMMYFUNCTION("IF(A88="""","""", TEXTJOIN(""-"",TRUE, IFERROR( INDEX(FILTER(CFG_CODES!C:C, CFG_CODES!A:A=""CATEGORY"", UPPER(CFG_CODES!B:B)=UPPER(B88))), LEFT(UPPER(B88),3) ), IFERROR( INDEX(FILTER(CFG_CODES!C:C, CFG_CODES!A:A=""MATERIAL"", UPPER(CFG_CODES!B:B)=UP"&"PER(C88))), LEFT(UPPER(C88),3) ), TEXT(ROW()-1,""000"") ))"),"I-PAN-087") -> I-PAN-087 | J88: Yes | K88: 0 | L88: 2 | M88: 0.1 | N88: 2 | R88: No
